New constituency names (confirmed),MNIS ID,Country or region,Name,Alpha name,Constituency type,Start date,ONS code
,,Needed,Needed,Needed derivable,Needed,Not null,Null
Count of values (not null) (Odata),,,650,650,650,650,650
Aberafan Maesteg,,Wales,Aberafan Maesteg,Aberafan Maesteg,County,,W07000081
Aberdeen North,,Scotland,Aberdeen North,Aberdeen North,Burgh,,
Aberdeen South,,Scotland,Aberdeen South,Aberdeen South,Burgh,,
Aberdeenshire North and Moray East,,Scotland,Aberdeenshire North and Moray East,Aberdeenshire North and Moray East,County,,
Airdrie and Shotts,,Scotland,Airdrie and Shotts,Airdrie and Shotts,County,,
Aldershot,,South East,Aldershot,Aldershot,Borough,,E14001063
Aldridge-Brownhills,,West Midlands,Aldridge-Brownhills,Aldridge-Brownhills,Borough,,E14001064
Alloa and Grangemouth,,Scotland,Alloa and Grangemouth,Alloa and Grangemouth,County,,
Altrincham and Sale West,,North West,Altrincham and Sale West,Altrincham and Sale West,Borough,,E14001065
Alyn and Deeside,,Wales,Alyn and Deeside,Alyn and Deeside,County,,W07000082
Amber Valley,,East Midlands,Amber Valley,Amber Valley,County,,E14001066
Angus and Perthshire Glens,,Scotland,Angus and Perthshire Glens,Angus and Perthshire Glens,County,,
Arbroath and Broughty Ferry,,Scotland,Arbroath and Broughty Ferry,Arbroath and Broughty Ferry,County,,
"Argyll, Bute and South Lochaber",,Scotland,"Argyll, Bute and South Lochaber","Argyll, Bute and South Lochaber",County,,
Arundel and South Downs,,South East,Arundel and South Downs,Arundel and South Downs,County,,E14001067
Ashfield,,East Midlands,Ashfield,Ashfield,County,,E14001068
Ashford,,South East,Ashford,Ashford,County,,E14001069
Ashton-under-Lyne,,North West,Ashton-under-Lyne,Ashton-under-Lyne,Borough,,E14001070
Aylesbury,,South East,Aylesbury,Aylesbury,County,,E14001071
"Ayr, Carrick and Cumnock",,Scotland,"Ayr, Carrick and Cumnock","Ayr, Carrick and Cumnock",County,,
Banbury,,South East,Banbury,Banbury,County,,E14001072
Bangor Aberconwy,,Wales,Bangor Aberconwy,Bangor Aberconwy,County,,W07000083
Barking,,London,Barking,Barking,Borough,,E14001073
Barnsley North,,Yorkshire and the Humber,Barnsley North,Barnsley North,County,,E14001074
Barnsley South,,Yorkshire and the Humber,Barnsley South,Barnsley South,County,,E14001075
Barrow and Furness,,North West,Barrow and Furness,Barrow and Furness,County,,E14001076
Basildon and Billericay,,Eastern,Basildon and Billericay,Basildon and Billericay,Borough,,E14001077
Basingstoke,,South East,Basingstoke,Basingstoke,Borough,,E14001078
Bassetlaw,,East Midlands,Bassetlaw,Bassetlaw,County,,E14001079
Bath,,South West,Bath,Bath,County,,E14001080
Bathgate and Linlithgow,,Scotland,Bathgate and Linlithgow,Bathgate and Linlithgow,County,,
Battersea,,London,Battersea,Battersea,Borough,,E14001081
Beaconsfield,,South East,Beaconsfield,Beaconsfield,County,,E14001082
Beckenham and Penge,,London,Beckenham and Penge,Beckenham and Penge,Borough,,E14001083
Bedford,,Eastern,Bedford,Bedford,Borough,,E14001084
Belfast East,,Northern Ireland,Belfast East,Belfast East,Borough,,
Belfast North,,Northern Ireland,Belfast North,Belfast North,Borough,,
Belfast South and Mid Down,,Northern Ireland,Belfast South and Mid Down,Belfast South and Mid Down,Borough,,
Belfast West,,Northern Ireland,Belfast West,Belfast West,Borough,,
Bermondsey and Old Southwark,,London,Bermondsey and Old Southwark,Bermondsey and Old Southwark,Borough,,E14001085
"Berwickshire, Roxburgh and Selkirk",,Scotland,"Berwickshire, Roxburgh and Selkirk","Berwickshire, Roxburgh and Selkirk",County,,
Bethnal Green and Stepney,,London,Bethnal Green and Stepney,Bethnal Green and Stepney,Borough,,E14001086
Beverley and Holderness,,Yorkshire and the Humber,Beverley and Holderness,Beverley and Holderness,County,,E14001087
Bexhill and Battle,,South East,Bexhill and Battle,Bexhill and Battle,County,,E14001088
Bexleyheath and Crayford,,London,Bexleyheath and Crayford,Bexleyheath and Crayford,Borough,,E14001089
Bicester and Woodstock,,South East,Bicester and Woodstock,Bicester and Woodstock,County,,E14001090
Birkenhead,,North West,Birkenhead,Birkenhead,Borough,,E14001091
Birmingham Edgbaston,,West Midlands,Birmingham Edgbaston,Birmingham Edgbaston,Borough,,E14001092
Birmingham Erdington,,West Midlands,Birmingham Erdington,Birmingham Erdington,Borough,,E14001093
Birmingham Hall Green and Moseley,,West Midlands,Birmingham Hall Green and Moseley,Birmingham Hall Green and Moseley,Borough,,E14001094
Birmingham Hodge Hill and Solihull North,,West Midlands,Birmingham Hodge Hill and Solihull North,Birmingham Hodge Hill and Solihull North,Borough,,E14001095
Birmingham Ladywood,,West Midlands,Birmingham Ladywood,Birmingham Ladywood,Borough,,E14001096
Birmingham Northfield,,West Midlands,Birmingham Northfield,Birmingham Northfield,Borough,,E14001097
Birmingham Perry Barr,,West Midlands,Birmingham Perry Barr,Birmingham Perry Barr,Borough,,E14001098
Birmingham Selly Oak,,West Midlands,Birmingham Selly Oak,Birmingham Selly Oak,Borough,,E14001099
Birmingham Yardley,,West Midlands,Birmingham Yardley,Birmingham Yardley,Borough,,E14001100
Bishop Auckland,,North East,Bishop Auckland,Bishop Auckland,County,,E14001101
Blackburn,,North West,Blackburn,Blackburn,Borough,,E14001102
Blackley and Middleton South,,North West,Blackley and Middleton South,Blackley and Middleton South,Borough,,E14001103
Blackpool North and Fleetwood,,North West,Blackpool North and Fleetwood,Blackpool North and Fleetwood,Borough,,E14001104
Blackpool South,,North West,Blackpool South,Blackpool South,Borough,,E14001105
Blaenau Gwent and Rhymney,,Wales,Blaenau Gwent and Rhymney,Blaenau Gwent and Rhymney,County,,W07000084
Blaydon and Consett,,North East,Blaydon and Consett,Blaydon and Consett,County,,E14001106
Blyth and Ashington,,North East,Blyth and Ashington,Blyth and Ashington,County,,E14001107
Bognor Regis and Littlehampton,,South East,Bognor Regis and Littlehampton,Bognor Regis and Littlehampton,Borough,,E14001108
Bolsover,,East Midlands,Bolsover,Bolsover,County,,E14001109
Bolton North East,,North West,Bolton North East,Bolton North East,Borough,,E14001110
Bolton South and Walkden,,North West,Bolton South and Walkden,Bolton South and Walkden,Borough,,E14001111
Bolton West,,North West,Bolton West,Bolton West,County,,E14001112
Bootle,,North West,Bootle,Bootle,Borough,,E14001113
Boston and Skegness,,East Midlands,Boston and Skegness,Boston and Skegness,County,,E14001114
Bournemouth East,,South West,Bournemouth East,Bournemouth East,Borough,,E14001115
Bournemouth West,,South West,Bournemouth West,Bournemouth West,Borough,,E14001116
Bracknell,,South East,Bracknell,Bracknell,Borough,,E14001117
Bradford East,,Yorkshire and the Humber,Bradford East,Bradford East,Borough,,E14001118
Bradford South,,Yorkshire and the Humber,Bradford South,Bradford South,Borough,,E14001119
Bradford West,,Yorkshire and the Humber,Bradford West,Bradford West,Borough,,E14001120
Braintree,,Eastern,Braintree,Braintree,County,,E14001121
"Brecon, Radnor and Cwm Tawe",,Wales,"Brecon, Radnor and Cwm Tawe","Brecon, Radnor and Cwm Tawe",County,,W07000085
Brent East,,London,Brent East,Brent East,Borough,,E14001122
Brent West,,London,Brent West,Brent West,Borough,,E14001123
Brentford and Isleworth,,London,Brentford and Isleworth,Brentford and Isleworth,Borough,,E14001124
Brentwood and Ongar,,Eastern,Brentwood and Ongar,Brentwood and Ongar,County,,E14001125
Bridgend,,Wales,Bridgend,Bridgend,County,,W07000086
Bridgwater,,South West,Bridgwater,Bridgwater,County,,E14001126
Bridlington and The Wolds,,Yorkshire and the Humber,Bridlington and The Wolds,Bridlington and The Wolds,County,,E14001127
Brigg and Immingham,,Yorkshire and the Humber,Brigg and Immingham,Brigg and Immingham,County,,E14001128
Brighton Kemptown and Peacehaven,,South East,Brighton Kemptown and Peacehaven,Brighton Kemptown and Peacehaven,Borough,,E14001129
Brighton Pavilion,,South East,Brighton Pavilion,Brighton Pavilion,Borough,,E14001130
Bristol Central,,South West,Bristol Central,Bristol Central,Borough,,E14001131
Bristol East,,South West,Bristol East,Bristol East,Borough,,E14001132
Bristol North East,,South West,Bristol North East,Bristol North East,Borough,,E14001133
Bristol North West,,South West,Bristol North West,Bristol North West,Borough,,E14001134
Bristol South,,South West,Bristol South,Bristol South,Borough,,E14001135
Broadland and Fakenham,,Eastern,Broadland and Fakenham,Broadland and Fakenham,County,,E14001136
Bromley and Biggin Hill,,London,Bromley and Biggin Hill,Bromley and Biggin Hill,Borough,,E14001137
Bromsgrove,,West Midlands,Bromsgrove,Bromsgrove,County,,E14001138
Broxbourne,,Eastern,Broxbourne,Broxbourne,County,,E14001139
Broxtowe,,East Midlands,Broxtowe,Broxtowe,County,,E14001140
Buckingham and Bletchley,,South East,Buckingham and Bletchley,Buckingham and Bletchley,County,,E14001141
Burnley,,North West,Burnley,Burnley,County,,E14001142
Burton and Uttoxeter,,West Midlands,Burton and Uttoxeter,Burton and Uttoxeter,County,,E14001143
Bury North,,North West,Bury North,Bury North,Borough,,E14001144
Bury South,,North West,Bury South,Bury South,Borough,,E14001145
Bury St Edmunds and Stowmarket,,Eastern,Bury St Edmunds and Stowmarket,Bury St Edmunds and Stowmarket,County,,E14001146
Caerfyrddin,,Wales,Caerfyrddin,Caerfyrddin,County,,W07000087
Caerphilly,,Wales,Caerphilly,Caerphilly,County,,W07000088
"Caithness, Sutherland and Easter Ross",,Scotland,"Caithness, Sutherland and Easter Ross","Caithness, Sutherland and Easter Ross",County,,
Calder Valley,,Yorkshire and the Humber,Calder Valley,Calder Valley,County,,E14001147
Camborne and Redruth,,South West,Camborne and Redruth,Camborne and Redruth,County,,E14001148
Cambridge,,Eastern,Cambridge,Cambridge,Borough,,E14001149
Cannock Chase,,West Midlands,Cannock Chase,Cannock Chase,County,,E14001150
Canterbury,,South East,Canterbury,Canterbury,County,,E14001151
Cardiff East,,Wales,Cardiff East,Cardiff East,Borough,,W07000089
Cardiff North,,Wales,Cardiff North,Cardiff North,Borough,,W07000090
Cardiff South and Penarth,,Wales,Cardiff South and Penarth,Cardiff South and Penarth,Borough,,W07000091
Cardiff West,,Wales,Cardiff West,Cardiff West,Borough,,W07000092
Carlisle,,North West,Carlisle,Carlisle,County,,E14001152
Carshalton and Wallington,,London,Carshalton and Wallington,Carshalton and Wallington,Borough,,E14001153
Castle Point,,Eastern,Castle Point,Castle Point,Borough,,E14001154
Central Ayrshire,,Scotland,Central Ayrshire,Ayrshire Central,County,,
Central Devon,,South West,Central Devon,Devon Central,County,,E14001155
Central Suffolk and North Ipswich,,Eastern,Central Suffolk and North Ipswich,Suffolk Central and Ipswich North,County,,E14001156
Ceredigion Preseli,,Wales,Ceredigion Preseli,Ceredigion Preseli,County,,W07000093
Chatham and Aylesford,,South East,Chatham and Aylesford,Chatham and Aylesford,County,,E14001157
Cheadle,,North West,Cheadle,Cheadle,Borough,,E14001158
Chelmsford,,Eastern,Chelmsford,Chelmsford,Borough,,E14001159
Chelsea and Fulham,,London,Chelsea and Fulham,Chelsea and Fulham,Borough,,E14001160
Cheltenham,,South West,Cheltenham,Cheltenham,Borough,,E14001161
Chesham and Amersham,,South East,Chesham and Amersham,Chesham and Amersham,County,,E14001162
Chester North and Neston,,North West,Chester North and Neston,Chester North and Neston,County,,E14001163
Chester South and Eddisbury,,North West,Chester South and Eddisbury,Chester South and Eddisbury,County,,E14001164
Chesterfield,,East Midlands,Chesterfield,Chesterfield,Borough,,E14001165
Chichester,,South East,Chichester,Chichester,County,,E14001166
Chingford and Woodford Green,,London,Chingford and Woodford Green,Chingford and Woodford Green,Borough,,E14001167
Chippenham,,South West,Chippenham,Chippenham,County,,E14001168
Chipping Barnet,,London,Chipping Barnet,Chipping Barnet,Borough,,E14001169
Chorley,,North West,Chorley,Chorley,County,,E14001170
Christchurch,,South West,Christchurch,Christchurch,County,,E14001171
Cities of London and Westminster,,London,Cities of London and Westminster,"London and Westminster, Cities of ",Borough,,E14001172
City of Durham,,North East,City of Durham,"Durham, City of",County,,E14001173
Clacton,,Eastern,Clacton,Clacton,County,,E14001174
Clapham and Brixton Hill,,London,Clapham and Brixton Hill,Clapham and Brixton Hill,Borough,,E14001175
Clwyd East,,Wales,Clwyd East,Clwyd East,County,,W07000094
Clwyd North,,Wales,Clwyd North,Clwyd North,County,,W07000095
Coatbridge and Bellshill,,Scotland,Coatbridge and Bellshill,Coatbridge and Bellshill,Burgh,,
Colchester,,Eastern,Colchester,Colchester,Borough,,E14001176
Colne Valley,,Yorkshire and the Humber,Colne Valley,Colne Valley,County,,E14001177
Congleton,,North West,Congleton,Congleton,County,,E14001178
Corby and East Northamptonshire,,East Midlands,Corby and East Northamptonshire,Corby and Northamptonshire East,County,,E14001179
Coventry East,,West Midlands,Coventry East,Coventry East,Borough,,E14001180
Coventry North West,,West Midlands,Coventry North West,Coventry North West,Borough,,E14001181
Coventry South,,West Midlands,Coventry South,Coventry South,Borough,,E14001182
Cowdenbeath and Kirkcaldy,,Scotland,Cowdenbeath and Kirkcaldy,Cowdenbeath and Kirkcaldy,County,,
Cramlington and Killingworth,,North East,Cramlington and Killingworth,Cramlington and Killingworth,County,,E14001183
Crawley,,South East,Crawley,Crawley,Borough,,E14001184
Crewe and Nantwich,,North West,Crewe and Nantwich,Crewe and Nantwich,County,,E14001185
Croydon East,,London,Croydon East,Croydon East,Borough,,E14001186
Croydon South,,London,Croydon South,Croydon South,Borough,,E14001187
Croydon West,,London,Croydon West,Croydon West,Borough,,E14001188
Cumbernauld and Kirkintilloch,,Scotland,Cumbernauld and Kirkintilloch,Cumbernauld and Kirkintilloch,County,,
Dagenham and Rainham,,London,Dagenham and Rainham,Dagenham and Rainham,Borough,,E14001189
Darlington,,North East,Darlington,Darlington,County,,E14001190
Dartford,,South East,Dartford,Dartford,County,,E14001191
Daventry,,East Midlands,Daventry,Daventry,County,,E14001192
Derby North,,East Midlands,Derby North,Derby North,Borough,,E14001193
Derby South,,East Midlands,Derby South,Derby South,Borough,,E14001194
Derbyshire Dales,,East Midlands,Derbyshire Dales,Derbyshire Dales,County,,E14001195
Dewsbury and Batley,,Yorkshire and the Humber,Dewsbury and Batley,Dewsbury and Batley,Borough,,E14001196
Didcot and Wantage,,South East,Didcot and Wantage,Didcot and Wantage,County,,E14001197
Doncaster Central,,Yorkshire and the Humber,Doncaster Central,Doncaster Central,County,,E14001198
Doncaster East and the Isle of Axholme,,Yorkshire and the Humber,Doncaster East and the Isle of Axholme,Doncaster East and the Isle of Axholme,County,,E14001199
Doncaster North,,Yorkshire and the Humber,Doncaster North,Doncaster North,County,,E14001200
Dorking and Horley,,South East,Dorking and Horley,Dorking and Horley,County,,E14001201
Dover and Deal,,South East,Dover and Deal,Dover and Deal,County,,E14001202
Droitwich and Evesham,,West Midlands,Droitwich and Evesham,Droitwich and Evesham,County,,E14001203
Dudley,,West Midlands,Dudley,Dudley,Borough,,E14001204
Dulwich and West Norwood,,London,Dulwich and West Norwood,Dulwich and West Norwood,Borough,,E14001205
Dumfries and Galloway,,Scotland,Dumfries and Galloway,Dumfries and Galloway,County,,
"Dumfriesshire, Clydesdale and Tweeddale",,Scotland,"Dumfriesshire, Clydesdale and Tweeddale","Dumfriesshire, Clydesdale and Tweeddale",County,,
Dundee Central,,Scotland,Dundee Central,Dundee Central,Burgh,,
Dunfermline and Dollar,,Scotland,Dunfermline and Dollar,Dunfermline and Dollar,County,,
Dunstable and Leighton Buzzard,,Eastern,Dunstable and Leighton Buzzard,Dunstable and Leighton Buzzard,County,,E14001206
Dwyfor Meirionnydd,,Wales,Dwyfor Meirionnydd,Dwyfor Meirionnydd,County,,W07000096
Ealing Central and Acton,,London,Ealing Central and Acton,Ealing Central and Acton,Borough,,E14001207
Ealing North,,London,Ealing North,Ealing North,Borough,,E14001208
Ealing Southall,,London,Ealing Southall,Ealing Southall,Borough,,E14001209
Earley and Woodley,,South East,Earley and Woodley,Earley and Woodley,Borough,,E14001210
Easington,,North East,Easington,Easington,County,,E14001211
East Antrim,,Northern Ireland,East Antrim,Antrim East,County,,
East Grinstead and Uckfield,,South East,East Grinstead and Uckfield,East Grinstead and Uckfield,County,,E14001212
East Ham,,London,East Ham,East Ham,Borough,,E14001213
East Hampshire,,South East,East Hampshire,Hampshire East,County,,E14001214
East Kilbride and Strathaven,,Scotland,East Kilbride and Strathaven,East Kilbride and Strathaven,County,,
East Londonderry,,Northern Ireland,East Londonderry,East Londonderry,County,,
East Renfrewshire,,Scotland,East Renfrewshire,Renfrewshire East,County,,
East Surrey,,South East,East Surrey,Surrey East,County,,E14001215
East Thanet,,South East,East Thanet,Thanet East,Borough,,E14001216
East Wiltshire,,South West,East Wiltshire,Wiltshire East,County,,E14001217
East Worthing and Shoreham,,South East,East Worthing and Shoreham,Worthing East and Shoreham,County,,E14001218
Eastbourne,,South East,Eastbourne,Eastbourne,Borough,,E14001219
Eastleigh,,South East,Eastleigh,Eastleigh,Borough,,E14001220
Edinburgh East and Musselburgh,,Scotland,Edinburgh East and Musselburgh,Edinburgh East and Musselburgh,Burgh,,
Edinburgh North and Leith,,Scotland,Edinburgh North and Leith,Edinburgh North and Leith,Burgh,,
Edinburgh South,,Scotland,Edinburgh South,Edinburgh South,Burgh,,
Edinburgh South West,,Scotland,Edinburgh South West,Edinburgh South West,Burgh,,
Edinburgh West,,Scotland,Edinburgh West,Edinburgh West,Burgh,,
Edmonton and Winchmore Hill,,London,Edmonton and Winchmore Hill,Edmonton and Winchmore Hill,Borough,,E14001221
Ellesmere Port and Bromborough,,North West,Ellesmere Port and Bromborough,Ellesmere Port and Bromborough,Borough,,E14001222
Eltham and Chislehurst,,London,Eltham and Chislehurst,Eltham and Chislehurst,Borough,,E14001223
Ely and East Cambridgeshire,,Eastern,Ely and East Cambridgeshire,Ely and Cambridgeshire East,County,,E14001224
Enfield North,,London,Enfield North,Enfield North,Borough,,E14001225
Epping Forest,,Eastern,Epping Forest,Epping Forest,County,,E14001226
Epsom and Ewell,,South East,Epsom and Ewell,Epsom and Ewell,Borough,,E14001227
Erewash,,East Midlands,Erewash,Erewash,County,,E14001228
Erith and Thamesmead,,London,Erith and Thamesmead,Erith and Thamesmead,Borough,,E14001229
Esher and Walton,,South East,Esher and Walton,Esher and Walton,Borough,,E14001230
Exeter,,South West,Exeter,Exeter,Borough,,E14001231
Exmouth and Exeter East,,South West,Exmouth and Exeter East,Exmouth and Exeter East,County,,E14001232
Falkirk,,Scotland,Falkirk,Falkirk,County,,
Fareham and Waterlooville,,South East,Fareham and Waterlooville,Fareham and Waterlooville,County,,E14001233
Farnham and Bordon,,South East,Farnham and Bordon,Farnham and Bordon,County,,E14001234
Faversham and Mid Kent,,South East,Faversham and Mid Kent,Kent Mid and Faversham,County,,E14001235
Feltham and Heston,,London,Feltham and Heston,Feltham and Heston,Borough,,E14001236
Fermanagh and South Tyrone,,Northern Ireland,Fermanagh and South Tyrone,Fermanagh and South Tyrone,County,,
Filton and Bradley Stoke,,South West,Filton and Bradley Stoke,Filton and Bradley Stoke,Borough,,E14001237
Finchley and Golders Green,,London,Finchley and Golders Green,Finchley and Golders Green,Borough,,E14001238
Folkestone and Hythe,,South East,Folkestone and Hythe,Folkestone and Hythe,County,,E14001239
Forest of Dean,,South West,Forest of Dean,Forest of Dean,County,,E14001240
Foyle,,Northern Ireland,Foyle,Foyle,County,,
Frome and East Somerset,,South West,Frome and East Somerset,Frome and Somerset East ,County,,E14001241
Fylde,,North West,Fylde,Fylde,County,,E14001242
Gainsborough,,East Midlands,Gainsborough,Gainsborough,County,,E14001243
Gateshead Central and Whickham,,North East,Gateshead Central and Whickham,Gateshead Central and Whickham,Borough,,E14001244
Gedling,,East Midlands,Gedling,Gedling,County,,E14001245
Gillingham and Rainham,,South East,Gillingham and Rainham,Gillingham and Rainham,Borough,,E14001246
Glasgow East,,Scotland,Glasgow East,Glasgow East,Burgh,,
Glasgow North,,Scotland,Glasgow North,Glasgow North,Burgh,,
Glasgow North East,,Scotland,Glasgow North East,Glasgow North East,Burgh,,
Glasgow South,,Scotland,Glasgow South,Glasgow South,Burgh,,
Glasgow South West,,Scotland,Glasgow South West,Glasgow South West,Burgh,,
Glasgow West,,Scotland,Glasgow West,Glasgow West,Burgh,,
Glastonbury and Somerton,,South West,Glastonbury and Somerton,Glastonbury and Somerton,County,,E14001247
Glenrothes and Mid Fife,,Scotland,Glenrothes and Mid Fife,Glenrothes and Fife Mid ,County,,
Gloucester,,South West,Gloucester,Gloucester,Borough,,E14001248
Godalming and Ash,,South East,Godalming and Ash,Godalming and Ash,County,,E14001249
Goole and Pocklington,,Yorkshire and the Humber,Goole and Pocklington,Goole and Pocklington,County,,E14001250
Gordon and Buchan,,Scotland,Gordon and Buchan,Gordon and Buchan,County,,
Gorton and Denton,,North West,Gorton and Denton,Gorton and Denton,Borough,,E14001251
Gosport,,South East,Gosport,Gosport,Borough,,E14001252
Gower,,Wales,Gower,Gower,County,,W07000097
Grantham and Bourne,,East Midlands,Grantham and Bourne,Grantham and Bourne,County,,E14001253
Gravesham,,South East,Gravesham,Gravesham,County,,E14001254
Great Grimsby and Cleethorpes,,Yorkshire and the Humber,Great Grimsby and Cleethorpes,Great Grimsby and Cleethorpes,Borough,,E14001255
Great Yarmouth,,Eastern,Great Yarmouth,Great Yarmouth,County,,E14001256
Greenwich and Woolwich,,London,Greenwich and Woolwich,Greenwich and Woolwich,Borough,,E14001257
Guildford,,South East,Guildford,Guildford,County,,E14001258
Hackney North and Stoke Newington,,London,Hackney North and Stoke Newington,Hackney North and Stoke Newington,Borough,,E14001259
Hackney South and Shoreditch,,London,Hackney South and Shoreditch,Hackney South and Shoreditch,Borough,,E14001260
Halesowen,,West Midlands,Halesowen,Halesowen,Borough,,E14001261
Halifax,,Yorkshire and the Humber,Halifax,Halifax,Borough,,E14001262
Hamble Valley,,South East,Hamble Valley,Hamble Valley,County,,E14001263
Hamilton and Clyde Valley,,Scotland,Hamilton and Clyde Valley,Hamilton and Clyde Valley,County,,
Hammersmith and Chiswick,,London,Hammersmith and Chiswick,Hammersmith and Chiswick,Borough,,E14001264
Hampstead and Highgate,,London,Hampstead and Highgate,Hampstead and Highgate,Borough,,E14001265
"Harborough, Oadby and Wigston",,East Midlands,"Harborough, Oadby and Wigston","Harborough, Oadby and Wigston",County,,E14001266
Harlow,,Eastern,Harlow,Harlow,County,,E14001267
Harpenden and Berkhamsted,,Eastern,Harpenden and Berkhamsted,Harpenden and Berkhamsted,County,,E14001268
Harrogate and Knaresborough,,Yorkshire and the Humber,Harrogate and Knaresborough,Harrogate and Knaresborough,County,,E14001269
Harrow East,,London,Harrow East,Harrow East,Borough,,E14001270
Harrow West,,London,Harrow West,Harrow West,Borough,,E14001271
Hartlepool,,North East,Hartlepool,Hartlepool,County,,E14001272
Harwich and North Essex,,Eastern,Harwich and North Essex,Harwich and Essex North,County,,E14001273
Hastings and Rye,,South East,Hastings and Rye,Hastings and Rye,County,,E14001274
Havant,,South East,Havant,Havant,Borough,,E14001275
Hayes and Harlington,,London,Hayes and Harlington,Hayes and Harlington,Borough,,E14001276
Hazel Grove,,North West,Hazel Grove,Hazel Grove,County,,E14001277
Hemel Hempstead,,Eastern,Hemel Hempstead,Hemel Hempstead,County,,E14001278
Hendon,,London,Hendon,Hendon,Borough,,E14001279
Henley and Thame,,South East,Henley and Thame,Henley and Thame,County,,E14001280
Hereford and South Herefordshire,,West Midlands,Hereford and South Herefordshire,Hereford and Herefordshire South,County,,E14001281
Herne Bay and Sandwich,,South East,Herne Bay and Sandwich,Herne Bay and Sandwich,County,,E14001282
Hertford and Stortford,,Eastern,Hertford and Stortford,Hertford and Stortford,County,,E14001283
Hertsmere,,Eastern,Hertsmere,Hertsmere,County,,E14001284
Hexham,,North East,Hexham,Hexham,County,,E14001285
Heywood and Middleton North,,North West,Heywood and Middleton North,Heywood and Middleton North,County,,E14001286
High Peak,,East Midlands,High Peak,High Peak,County,,E14001287
Hinckley and Bosworth,,East Midlands,Hinckley and Bosworth,Hinckley and Bosworth,County,,E14001288
Hitchin,,Eastern,Hitchin,Hitchin,County,,E14001289
Holborn and St Pancras,,London,Holborn and St Pancras,Holborn and St Pancras,Borough,,E14001290
Honiton and Sidmouth,,South West,Honiton and Sidmouth,Honiton and Sidmouth,County,,E14001291
Hornchurch and Upminster,,London,Hornchurch and Upminster,Hornchurch and Upminster,Borough,,E14001292
Hornsey and Friern Barnet,,London,Hornsey and Friern Barnet,Hornsey and Friern Barnet,Borough,,E14001293
Horsham,,South East,Horsham,Horsham,County,,E14001294
Houghton and Sunderland South,,North East,Houghton and Sunderland South,Houghton and Sunderland South,County,,E14001295
Hove and Portslade,,South East,Hove and Portslade,Hove and Portslade,Borough,,E14001296
Huddersfield,,Yorkshire and the Humber,Huddersfield,Huddersfield,Borough,,E14001297
Huntingdon,,Eastern,Huntingdon,Huntingdon,County,,E14001298
Hyndburn,,North West,Hyndburn,Hyndburn,County,,E14001299
Ilford North,,London,Ilford North,Ilford North,Borough,,E14001300
Ilford South,,London,Ilford South,Ilford South,Borough,,E14001301
Inverclyde and Renfrewshire West,,Scotland,Inverclyde and Renfrewshire West,Inverclyde and Renfrewshire West,County,,
"Inverness, Skye and West Ross-shire",,Scotland,"Inverness, Skye and West Ross-shire","Inverness, Skye and Ross-shire West ",County,,
Ipswich,,Eastern,Ipswich,Ipswich,Borough,,E14001302
Isle of Wight East,,South East,Isle of Wight East,Isle of Wight East,County,,E14001303
Isle of Wight West,,South East,Isle of Wight West,Isle of Wight West,County,,E14001304
Islington North,,London,Islington North,Islington North,Borough,,E14001305
Islington South and Finsbury,,London,Islington South and Finsbury,Islington South and Finsbury,Borough,,E14001306
Jarrow and Gateshead East,,North East,Jarrow and Gateshead East,Jarrow and Gateshead East,Borough,,E14001307
Keighley and Ilkley,,Yorkshire and the Humber,Keighley and Ilkley,Keighley and Ilkley,County,,E14001308
Kenilworth and Southam,,West Midlands,Kenilworth and Southam,Kenilworth and Southam,County,,E14001309
Kensington and Bayswater,,London,Kensington and Bayswater,Kensington and Bayswater,Borough,,E14001310
Kettering,,East Midlands,Kettering,Kettering,County,,E14001311
Kilmarnock and Loudoun,,Scotland,Kilmarnock and Loudoun,Kilmarnock and Loudoun,County,,
Kingston and Surbiton,,London,Kingston and Surbiton,Kingston and Surbiton,Borough,,E14001312
Kingston upon Hull East,,Yorkshire and the Humber,Kingston upon Hull East,Kingston upon Hull East,Borough,,E14001313
Kingston upon Hull North and Cottingham,,Yorkshire and the Humber,Kingston upon Hull North and Cottingham,Kingston upon Hull North and Cottingham,Borough,,E14001314
Kingston upon Hull West and Haltemprice,,Yorkshire and the Humber,Kingston upon Hull West and Haltemprice,Kingston upon Hull West and Haltemprice,Borough,,E14001315
Kingswinford and South Staffordshire,,West Midlands,Kingswinford and South Staffordshire,Kingswinford and Staffordshire South,County,,E14001316
Knowsley,,North West,Knowsley,Knowsley,Borough,,E14001317
Lagan Valley,,Northern Ireland,Lagan Valley,Lagan Valley,County,,
Lancaster and Wyre,,North West,Lancaster and Wyre,Lancaster and Wyre,County,,E14001318
Leeds Central and Headingley,,Yorkshire and the Humber,Leeds Central and Headingley,Leeds Central and Headingley,Borough,,E14001319
Leeds East,,Yorkshire and the Humber,Leeds East,Leeds East,County,,E14001320
Leeds North East,,Yorkshire and the Humber,Leeds North East,Leeds North East,Borough,,E14001321
Leeds North West,,Yorkshire and the Humber,Leeds North West,Leeds North West,County,,E14001322
Leeds South,,Yorkshire and the Humber,Leeds South,Leeds South,Borough,,E14001323
Leeds South West and Morley,,Yorkshire and the Humber,Leeds South West and Morley,Leeds South West and Morley,Borough,,E14001324
Leeds West and Pudsey,,Yorkshire and the Humber,Leeds West and Pudsey,Leeds West and Pudsey,Borough,,E14001325
Leicester East,,East Midlands,Leicester East,Leicester East,Borough,,E14001326
Leicester South,,East Midlands,Leicester South,Leicester South,Borough,,E14001327
Leicester West,,East Midlands,Leicester West,Leicester West,Borough,,E14001328
Leigh and Atherton,,North West,Leigh and Atherton,Leigh and Atherton,Borough,,E14001329
Lewes,,South East,Lewes,Lewes,County,,E14001330
Lewisham East,,London,Lewisham East,Lewisham East,Borough,,E14001331
Lewisham North,,London,Lewisham North,Lewisham North,Borough,,E14001332
Lewisham West and East Dulwich,,London,Lewisham West and East Dulwich,Lewisham West and East Dulwich,Borough,,E14001333
Leyton and Wanstead,,London,Leyton and Wanstead,Leyton and Wanstead,Borough,,E14001334
Lichfield,,West Midlands,Lichfield,Lichfield,County,,E14001335
Lincoln,,East Midlands,Lincoln,Lincoln,Borough,,E14001336
Liverpool Garston,,North West,Liverpool Garston,Liverpool Garston,Borough,,E14001337
Liverpool Riverside,,North West,Liverpool Riverside,Liverpool Riverside,Borough,,E14001338
Liverpool Walton,,North West,Liverpool Walton,Liverpool Walton,Borough,,E14001339
Liverpool Wavertree,,North West,Liverpool Wavertree,Liverpool Wavertree,Borough,,E14001340
Liverpool West Derby,,North West,Liverpool West Derby,Liverpool West Derby,Borough,,E14001341
Livingston,,Scotland,Livingston,Livingston,County,,
Llanelli,,Wales,Llanelli,Llanelli,County,,W07000098
Lothian East,,Scotland,Lothian East,Lothian East,County,,
Loughborough,,East Midlands,Loughborough,Loughborough,County,,E14001342
Louth and Horncastle,,East Midlands,Louth and Horncastle,Louth and Horncastle,County,,E14001343
Lowestoft,,Eastern,Lowestoft,Lowestoft,County,,E14001344
Luton North,,Eastern,Luton North,Luton North,Borough,,E14001345
Luton South and South Bedfordshire,,Eastern,Luton South and South Bedfordshire,Luton South and Befordshire South,County,,E14001346
Macclesfield,,North West,Macclesfield,Macclesfield,County,,E14001347
Maidenhead,,South East,Maidenhead,Maidenhead,County,,E14001348
Maidstone and Malling,,South East,Maidstone and Malling,Maidstone and Malling,County,,E14001349
Makerfield,,North West,Makerfield,Makerfield,Borough,,E14001350
Maldon,,Eastern,Maldon,Maldon,County,,E14001351
Manchester Central,,North West,Manchester Central,Manchester Central,Borough,,E14001352
Manchester Rusholme,,North West,Manchester Rusholme,Manchester Rusholme,Borough,,E14001353
Manchester Withington,,North West,Manchester Withington,Manchester Withington,Borough,,E14001354
Mansfield,,East Midlands,Mansfield,Mansfield,County,,E14001355
Melksham and Devizes,,South West,Melksham and Devizes,Melksham and Devizes,County,,E14001356
Melton and Syston,,East Midlands,Melton and Syston,Melton and Syston,County,,E14001357
Meriden and Solihull East,,West Midlands,Meriden and Solihull East,Meriden and Solihull East,County,,E14001358
Merthyr Tydfil and Aberdare,,Wales,Merthyr Tydfil and Aberdare,Merthyr Tydfil and Aberdare,County,,W07000099
Mid and South Pembrokeshire,,Wales,Mid and South Pembrokeshire,Pembrokeshire Mid and South,County,,W07000100
Mid Bedfordshire,,Eastern,Mid Bedfordshire,Bedfordshire Mid,County,,E14001359
Mid Buckinghamshire,,South East,Mid Buckinghamshire,Buckinghamshire Mid,County,,E14001360
Mid Cheshire,,North West,Mid Cheshire,Cheshire Mid,County,,E14001361
Mid Derbyshire,,East Midlands,Mid Derbyshire,Derbyshire Mid,County,,E14001362
Mid Dorset and North Poole,,South West,Mid Dorset and North Poole,Dorset Mid and Poole North,County,,E14001363
Mid Dunbartonshire,,Scotland,Mid Dunbartonshire,Dunbartonshire Mid,County,,
Mid Leicestershire,,East Midlands,Mid Leicestershire,Leicestershire Mid,County,,E14001364
Mid Norfolk,,Eastern,Mid Norfolk,Norfolk Mid,County,,E14001365
Mid Sussex,,South East,Mid Sussex,Sussex Mid,County,,E14001366
Mid Ulster,,Northern Ireland,Mid Ulster,Mid Ulster,County,,
Middlesbrough and Thornaby East,,North East,Middlesbrough and Thornaby East,Middlesbrough and Thornaby East,Borough,,E14001367
Middlesbrough South and East Cleveland,,North East,Middlesbrough South and East Cleveland,Middlesbrough South and Cleveland East ,County,,E14001368
Midlothian,,Scotland,Midlothian,Midlothian,County,,
Milton Keynes Central,,South East,Milton Keynes Central,Milton Keynes Central,Borough,,E14001369
Milton Keynes North,,South East,Milton Keynes North,Milton Keynes North,County,,E14001370
Mitcham and Morden,,London,Mitcham and Morden,Mitcham and Morden,Borough,,E14001371
Monmouthshire,,Wales,Monmouthshire,Monmouthshire,County,,W07000101
Montgomeryshire and Glyndwr,,Wales,Montgomeryshire and Glyndwr,Montgomeryshire and Glyndwr,County,,W07000102
"Moray West, Nairn and Strathspey",,Scotland,"Moray West, Nairn and Strathspey","Moray West, Nairn and Strathspey",County,,
Morecambe and Lunesdale,,North West,Morecambe and Lunesdale,Morecambe and Lunesdale,County,,E14001372
"Motherwell, Wishaw and Carluke",,Scotland,"Motherwell, Wishaw and Carluke","Motherwell, Wishaw and Carluke",County,,
Na h-Eileanan an Iar,,Scotland,Na h-Eileanan an Iar,Na h-Eileanan an Iar,County,,
Neath and Swansea East,,Wales,Neath and Swansea East,Neath and Swansea East,County,,W07000103
New Forest East,,South East,New Forest East,New Forest East,County,,E14001373
New Forest West,,South East,New Forest West,New Forest West,County,,E14001374
Newark,,East Midlands,Newark,Newark,County,,E14001375
Newbury,,South East,Newbury,Newbury,County,,E14001376
Newcastle upon Tyne Central and West,,North East,Newcastle upon Tyne Central and West,Newcastle upon Tyne Central and West,Borough,,E14001377
Newcastle upon Tyne East and Wallsend,,North East,Newcastle upon Tyne East and Wallsend,Newcastle upon Tyne East and Wallsend,Borough,,E14001378
Newcastle upon Tyne North,,North East,Newcastle upon Tyne North,Newcastle upon Tyne North,Borough,,E14001379
Newcastle-under-Lyme,,West Midlands,Newcastle-under-Lyme,Newcastle-under-Lyme,County,,E14001380
Newport East,,Wales,Newport East,Newport East,County,,W07000104
Newport West and Islwyn,,Wales,Newport West and Islwyn,Newport West and Islwyn,County,,W07000105
Newry and Armagh,,Northern Ireland,Newry and Armagh,Newry and Armagh,County,,
Newton Abbot,,South West,Newton Abbot,Newton Abbot,County,,E14001381
Newton Aycliffe and Spennymoor,,North East,Newton Aycliffe and Spennymoor,Newton Aycliffe and Spennymoor,County,,E14001382
Normanton and Hemsworth,,Yorkshire and the Humber,Normanton and Hemsworth,Normanton and Hemsworth,County,,E14001383
North Antrim,,Northern Ireland,North Antrim,Antrim North,County,,
North Ayrshire and Arran,,Scotland,North Ayrshire and Arran,Ayrshire North and Arran,County,,
North Bedfordshire,,Eastern,North Bedfordshire,Bedfordshire North,County,,E14001384
North Cornwall,,South West,North Cornwall,Cornwall North,County,,E14001385
North Cotswolds,,South West,North Cotswolds,Cotswolds North,County,,E14001386
North Devon,,South West,North Devon,Devon North,County,,E14001387
North Dorset,,South West,North Dorset,Dorset North,County,,E14001388
North Down,,Northern Ireland,North Down,North Down,County,,
North Durham,,North East,North Durham,Durham North,County,,E14001389
North East Cambridgeshire,,Eastern,North East Cambridgeshire,Camrbidgeshire North East,County,,E14001390
North East Derbyshire,,East Midlands,North East Derbyshire,Derbyshire North East,County,,E14001391
North East Fife,,Scotland,North East Fife,Fife North East,County,,
North East Hampshire,,South East,North East Hampshire,Hampshire North East,County,,E14001392
North East Hertfordshire,,Eastern,North East Hertfordshire,Hertfordshire North East,County,,E14001393
North East Somerset and Hanham,,South West,North East Somerset and Hanham,Somerset North East and Hanham,County,,E14001394
North Herefordshire,,West Midlands,North Herefordshire,Herefordshire North,County,,E14001395
North Norfolk,,Eastern,North Norfolk,Norfolk North,County,,E14001396
North Northumberland,,North East,North Northumberland,Northumberland North,County,,E14001397
North Shropshire,,West Midlands,North Shropshire,Shropshire North,County,,E14001398
North Somerset,,South West,North Somerset,Somerset North,County,,E14001399
North Warwickshire and Bedworth,,West Midlands,North Warwickshire and Bedworth,Warwickshire North and Bedworth,County,,E14001400
North West Cambridgeshire,,Eastern,North West Cambridgeshire,Cambridgeshire North West,County,,E14001401
North West Essex,,Eastern,North West Essex,Essex North West,County,,E14001402
North West Hampshire,,South East,North West Hampshire,Hampshire North West,County,,E14001403
North West Leicestershire,,East Midlands,North West Leicestershire,Leicestershire North West,County,,E14001404
North West Norfolk,,Eastern,North West Norfolk,Norfolk North West,County,,E14001405
Northampton North,,East Midlands,Northampton North,Northampton North,Borough,,E14001406
Northampton South,,East Midlands,Northampton South,Northampton South,Borough,,E14001407
Norwich North,,Eastern,Norwich North,Norwich North,Borough,,E14001408
Norwich South,,Eastern,Norwich South,Norwich South,Borough,,E14001409
Nottingham East,,East Midlands,Nottingham East,Nottingham East,Borough,,E14001410
Nottingham North and Kimberley,,East Midlands,Nottingham North and Kimberley,Nottingham North and Kimberley,Borough,,E14001411
Nottingham South,,East Midlands,Nottingham South,Nottingham South,Borough,,E14001412
Nuneaton,,West Midlands,Nuneaton,Nuneaton,County,,E14001413
Old Bexley and Sidcup,,London,Old Bexley and Sidcup,Old Bexley and Sidcup,Borough,,E14001414
Oldham East and Saddleworth,,North West,Oldham East and Saddleworth,Oldham East and Saddleworth,County,,E14001415
"Oldham West, Chadderton and Royton",,North West,"Oldham West, Chadderton and Royton","Oldham West, Chadderton and Royton",Borough,,E14001416
Orkney and Shetland,,Scotland,Orkney and Shetland,Orkney and Shetland,County,,
Orpington,,London,Orpington,Orpington,Borough,,E14001417
Ossett and Denby Dale,,Yorkshire and the Humber,Ossett and Denby Dale,Ossett and Denby Dale,County,,E14001418
Oxford East,,South East,Oxford East,Oxford East,Borough,,E14001419
Oxford West and Abingdon,,South East,Oxford West and Abingdon,Oxford West and Abingdon,County,,E14001420
Paisley and Renfrewshire North,,Scotland,Paisley and Renfrewshire North,Paisley and Renfrewshire North,Burgh,,
Paisley and Renfrewshire South,,Scotland,Paisley and Renfrewshire South,Paisley and Renfrewshire South,County,,
Peckham,,London,Peckham,Peckham,Borough,,E14001421
Pendle and Clitheroe,,North West,Pendle and Clitheroe,Pendle and Clitheroe,County,,E14001422
Penistone and Stocksbridge,,Yorkshire and the Humber,Penistone and Stocksbridge,Penistone and Stocksbridge,County,,E14001423
Penrith and Solway,,North West,Penrith and Solway,Penrith and Solway,County,,E14001424
Perth and Kinross-shire,,Scotland,Perth and Kinross-shire,Perth and Kinross-shire,County,,
Peterborough,,Eastern,Peterborough,Peterborough,County,,E14001425
Plymouth Moor View,,South West,Plymouth Moor View,Plymouth Moor View,Borough,,E14001426
Plymouth Sutton and Devonport,,South West,Plymouth Sutton and Devonport,Plymouth Sutton and Devonport,Borough,,E14001427
"Pontefract, Castleford and Knottingley",,Yorkshire and the Humber,"Pontefract, Castleford and Knottingley","Pontefract, Castleford and Knottingley",County,,E14001428
Pontypridd,,Wales,Pontypridd,Pontypridd,County,,W07000106
Poole,,South West,Poole,Poole,Borough,,E14001429
Poplar and Limehouse,,London,Poplar and Limehouse,Poplar and Limehouse,Borough,,E14001430
Portsmouth North,,South East,Portsmouth North,Portsmouth North,Borough,,E14001431
Portsmouth South,,South East,Portsmouth South,Portsmouth South,Borough,,E14001432
Preston,,North West,Preston,Preston,Borough,,E14001433
Putney,,London,Putney,Putney,Borough,,E14001434
Queen's Park and Maida Vale,,London,Queen's Park and Maida Vale,Queen's Park and Maida Vale,Borough,,E14001435
Rawmarsh and Conisbrough,,Yorkshire and the Humber,Rawmarsh and Conisbrough,Rawmarsh and Conisbrough,County,,E14001436
Rayleigh and Wickford,,Eastern,Rayleigh and Wickford,Rayleigh and Wickford,County,,E14001437
Reading Central,,South East,Reading Central,Reading Central,Borough,,E14001438
Reading West and Mid Berkshire,,South East,Reading West and Mid Berkshire,Reading West and Berkshire Mid ,County,,E14001439
Redcar,,North East,Redcar,Redcar,Borough,,E14001440
Redditch,,West Midlands,Redditch,Redditch,County,,E14001441
Reigate,,South East,Reigate,Reigate,County,,E14001442
Rhondda and Ogmore,,Wales,Rhondda and Ogmore,Rhondda and Ogmore,County,,W07000107
Ribble Valley,,North West,Ribble Valley,Ribble Valley,County,,E14001443
Richmond and Northallerton,,Yorkshire and the Humber,Richmond and Northallerton,Richmond and Northallerton,County,,E14001444
Richmond Park,,London,Richmond Park,Richmond Park,Borough,,E14001445
Rochdale,,North West,Rochdale,Rochdale,County,,E14001446
Rochester and Strood,,South East,Rochester and Strood,Rochester and Strood,County,,E14001447
Romford,,London,Romford,Romford,Borough,,E14001448
Romsey and Southampton North,,South East,Romsey and Southampton North,Romsey and Southampton North,County,,E14001449
Rossendale and Darwen,,North West,Rossendale and Darwen,Rossendale and Darwen,County,,E14001450
Rother Valley,,Yorkshire and the Humber,Rother Valley,Rother Valley,County,,E14001451
Rotherham,,Yorkshire and the Humber,Rotherham,Rotherham,Borough,,E14001452
Rugby,,West Midlands,Rugby,Rugby,County,,E14001453
"Ruislip, Northwood and Pinner",,London,"Ruislip, Northwood and Pinner","Ruislip, Northwood and Pinner",Borough,,E14001454
Runcorn and Helsby,,North West,Runcorn and Helsby,Runcorn and Helsby,County,,E14001455
Runnymede and Weybridge,,South East,Runnymede and Weybridge,Runnymede and Weybridge,County,,E14001456
Rushcliffe,,East Midlands,Rushcliffe,Rushcliffe,County,,E14001457
Rutherglen,,Scotland,Rutherglen,Rutherglen,Burgh,,
Rutland and Stamford,,East Midlands,Rutland and Stamford,Rutland and Stamford,County,,E14001458
Salford,,North West,Salford,Salford,Borough,,E14001459
Salisbury,,South West,Salisbury,Salisbury,County,,E14001460
Scarborough and Whitby,,Yorkshire and the Humber,Scarborough and Whitby,Scarborough and Whitby,County,,E14001461
Scunthorpe,,Yorkshire and the Humber,Scunthorpe,Scunthorpe,County,,E14001462
Sefton Central,,North West,Sefton Central,Sefton Central,County,,E14001463
Selby,,Yorkshire and the Humber,Selby,Selby,County,,E14001464
Sevenoaks,,South East,Sevenoaks,Sevenoaks,County,,E14001465
Sheffield Brightside and Hillsborough,,Yorkshire and the Humber,Sheffield Brightside and Hillsborough,Sheffield Brightside and Hillsborough,Borough,,E14001466
Sheffield Central,,Yorkshire and the Humber,Sheffield Central,Sheffield Central,Borough,,E14001467
Sheffield Hallam,,Yorkshire and the Humber,Sheffield Hallam,Sheffield Hallam,County,,E14001468
Sheffield Heeley,,Yorkshire and the Humber,Sheffield Heeley,Sheffield Heeley,Borough,,E14001469
Sheffield South East,,Yorkshire and the Humber,Sheffield South East,Sheffield South East,Borough,,E14001470
Sherwood Forest,,East Midlands,Sherwood Forest,Sherwood Forest,County,,E14001471
Shipley,,Yorkshire and the Humber,Shipley,Shipley,County,,E14001472
Shrewsbury,,West Midlands,Shrewsbury,Shrewsbury,County,,E14001473
Sittingbourne and Sheppey,,South East,Sittingbourne and Sheppey,Sittingbourne and Sheppey,County,,E14001474
Skipton and Ripon,,Yorkshire and the Humber,Skipton and Ripon,Skipton and Ripon,County,,E14001475
Sleaford and North Hykeham,,East Midlands,Sleaford and North Hykeham,Sleaford and North Hykeham,County,,E14001476
Slough,,South East,Slough,Slough,Borough,,E14001477
Smethwick,,West Midlands,Smethwick,Smethwick,Borough,,E14001478
Solihull West and Shirley,,West Midlands,Solihull West and Shirley,Solihull West and Shirley,Borough,,E14001479
South Antrim,,Northern Ireland,South Antrim,Antrim South,County,,
South Basildon and East Thurrock,,Eastern,South Basildon and East Thurrock,Basildon South and Thurrock East,County,,E14001480
South Cambridgeshire,,Eastern,South Cambridgeshire,Cambridgeshire South,County,,E14001481
South Cotswolds,,South West,South Cotswolds,Cotswolds South,County,,E14001482
South Derbyshire,,East Midlands,South Derbyshire,Derbyshire South,County,,E14001483
South Devon,,South West,South Devon,Devon South,County,,E14001484
South Dorset,,South West,South Dorset,Dorset South,County,,E14001485
South Down,,Northern Ireland,South Down,South Down,County,,
South East Cornwall,,South West,South East Cornwall,Cornwall South East,County,,E14001486
South Holland and The Deepings,,East Midlands,South Holland and The Deepings,South Holland and The Deepings,County,,E14001487
South Leicestershire,,East Midlands,South Leicestershire,Leicestershire South,County,,E14001488
South Norfolk,,Eastern,South Norfolk,Norfolk South,County,,E14001489
South Northamptonshire,,East Midlands,South Northamptonshire,Northamptonshire South,County,,E14001490
South Ribble,,North West,South Ribble,South Ribble,County,,E14001491
South Shields,,North East,South Shields,South Shields,Borough,,E14001492
South Shropshire,,West Midlands,South Shropshire,Shropshire South,County,,E14001493
South Suffolk,,Eastern,South Suffolk,Suffolk South,County,,E14001494
South West Devon,,South West,South West Devon,Devon South West,County,,E14001495
South West Hertfordshire,,Eastern,South West Hertfordshire,Hertfordshire South West,County,,E14001496
South West Norfolk,,Eastern,South West Norfolk,Norfolk South West,County,,E14001497
South West Wiltshire,,South West,South West Wiltshire,Wiltshire South West,County,,E14001498
Southampton Itchen,,South East,Southampton Itchen,Southampton Itchen,Borough,,E14001499
Southampton Test,,South East,Southampton Test,Southampton Test,Borough,,E14001500
Southend East and Rochford,,Eastern,Southend East and Rochford,Southend East and Rochford,County,,E14001501
Southend West and Leigh,,Eastern,Southend West and Leigh,Southend West and Leigh,Borough,,E14001502
Southgate and Wood Green,,London,Southgate and Wood Green,Southgate and Wood Green,Borough,,E14001503
Southport,,North West,Southport,Southport,County,,E14001504
Spelthorne,,South East,Spelthorne,Spelthorne,Borough,,E14001505
Spen Valley,,Yorkshire and the Humber,Spen Valley,Spen Valley,Borough,,E14001506
St Albans,,Eastern,St Albans,St Albans,County,,E14001507
St Austell and Newquay,,South West,St Austell and Newquay,St Austell and Newquay,County,,E14001508
St Helens North,,North West,St Helens North,St Helens North,County,,E14001509
St Helens South and Whiston,,North West,St Helens South and Whiston,St Helens South and Whiston,Borough,,E14001510
St Ives,,South West,St Ives,St Ives,County,,E14001511
St Neots and Mid Cambridgeshire,,Eastern,St Neots and Mid Cambridgeshire,St Neots and Cambridgeshire Mid,County,,E14001512
Stafford,,West Midlands,Stafford,Stafford,County,,E14001513
Staffordshire Moorlands,,West Midlands,Staffordshire Moorlands,Staffordshire Moorlands,County,,E14001514
Stalybridge and Hyde,,North West,Stalybridge and Hyde,Stalybridge and Hyde,County,,E14001515
Stevenage,,Eastern,Stevenage,Stevenage,County,,E14001516
Stirling and Strathallan,,Scotland,Stirling and Strathallan,Stirling and Strathallan,County,,
Stockport,,North West,Stockport,Stockport,Borough,,E14001517
Stockton North,,North East,Stockton North,Stockton North,County,,E14001518
Stockton West,,North East,Stockton West,Stockton West,County,,E14001519
Stoke-on-Trent Central,,West Midlands,Stoke-on-Trent Central,Stoke-on-Trent Central,Borough,,E14001520
Stoke-on-Trent North,,West Midlands,Stoke-on-Trent North,Stoke-on-Trent North,Borough,,E14001521
Stoke-on-Trent South,,West Midlands,Stoke-on-Trent South,Stoke-on-Trent South,County,,E14001522
"Stone, Great Wyrley and Penkridge",,West Midlands,"Stone, Great Wyrley and Penkridge","Stone, Great Wyrley and Penkridge",County,,E14001523
Stourbridge,,West Midlands,Stourbridge,Stourbridge,Borough,,E14001524
Strangford,,Northern Ireland,Strangford,Strangford,County,,
Stratford and Bow,,London,Stratford and Bow,Stratford and Bow,Borough,,E14001525
Stratford-on-Avon,,West Midlands,Stratford-on-Avon,Stratford-on-Avon,County,,E14001526
Streatham and Croydon North,,London,Streatham and Croydon North,Streatham and Croydon North,Borough,,E14001527
Stretford and Urmston,,North West,Stretford and Urmston,Stretford and Urmston,Borough,,E14001528
Stroud,,South West,Stroud,Stroud,County,,E14001529
Suffolk Coastal,,Eastern,Suffolk Coastal,Suffolk Coastal,County,,E14001530
Sunderland Central,,North East,Sunderland Central,Sunderland Central,Borough,,E14001531
Surrey Heath,,South East,Surrey Heath,Surrey Heath,County,,E14001532
Sussex Weald,,South East,Sussex Weald,Sussex Weald,County,,E14001533
Sutton and Cheam,,London,Sutton and Cheam,Sutton and Cheam,Borough,,E14001534
Sutton Coldfield,,West Midlands,Sutton Coldfield,Sutton Coldfield,Borough,,E14001535
Swansea West,,Wales,Swansea West,Swansea West,County,,W07000108
Swindon North,,South West,Swindon North,Swindon North,County,,E14001536
Swindon South,,South West,Swindon South,Swindon South,Borough,,E14001537
Tamworth,,West Midlands,Tamworth,Tamworth,County,,E14001538
Tatton,,North West,Tatton,Tatton,County,,E14001539
Taunton and Wellington,,South West,Taunton and Wellington,Taunton and Wellington,County,,E14001540
Telford,,West Midlands,Telford,Telford,Borough,,E14001541
Tewkesbury,,South West,Tewkesbury,Tewkesbury,County,,E14001542
The Wrekin,,West Midlands,The Wrekin,"Wrekin, The",County,,E14001543
Thirsk and Malton,,Yorkshire and the Humber,Thirsk and Malton,Thirsk and Malton,County,,E14001544
Thornbury and Yate,,South West,Thornbury and Yate,Thornbury and Yate,County,,E14001545
Thurrock,,Eastern,Thurrock,Thurrock,Borough,,E14001546
Tipton and Wednesbury,,West Midlands,Tipton and Wednesbury,Tipton and Wednesbury,Borough,,E14001547
Tiverton and Minehead,,South West,Tiverton and Minehead,Tiverton and Minehead,County,,E14001548
Tonbridge,,South East,Tonbridge,Tonbridge,County,,E14001549
Tooting,,London,Tooting,Tooting,Borough,,E14001550
Torbay,,South West,Torbay,Torbay,Borough,,E14001551
Torfaen,,Wales,Torfaen,Torfaen,County,,W07000109
Torridge and Tavistock,,South West,Torridge and Tavistock,Torridge and Tavistock,County,,E14001552
Tottenham,,London,Tottenham,Tottenham,Borough,,E14001553
Truro and Falmouth,,South West,Truro and Falmouth,Truro and Falmouth,County,,E14001554
Tunbridge Wells,,South East,Tunbridge Wells,Tunbridge Wells,County,,E14001555
Twickenham,,London,Twickenham,Twickenham,Borough,,E14001556
Tynemouth,,North East,Tynemouth,Tynemouth,Borough,,E14001557
Upper Bann,,Northern Ireland,Upper Bann,Upper Bann,County,,
Uxbridge and South Ruislip,,London,Uxbridge and South Ruislip,Uxbridge and South Ruislip,Borough,,E14001558
Vale of Glamorgan,,Wales,Vale of Glamorgan,Vale of Glamorgan,County,,W07000110
Vauxhall and Camberwell Green,,London,Vauxhall and Camberwell Green,Vauxhall and Camberwell Green,Borough,,E14001559
Wakefield and Rothwell,,Yorkshire and the Humber,Wakefield and Rothwell,Wakefield and Rothwell,Borough,,E14001560
Wallasey,,North West,Wallasey,Wallasey,Borough,,E14001561
Walsall and Bloxwich,,West Midlands,Walsall and Bloxwich,Walsall and Bloxwich,Borough,,E14001562
Walthamstow,,London,Walthamstow,Walthamstow,Borough,,E14001563
Warrington North,,North West,Warrington North,Warrington North,County,,E14001564
Warrington South,,North West,Warrington South,Warrington South,County,,E14001565
Warwick and Leamington,,West Midlands,Warwick and Leamington,Warwick and Leamington,County,,E14001566
Washington and Gateshead South,,North East,Washington and Gateshead South,Washington and Gateshead South,Borough,,E14001567
Watford,,Eastern,Watford,Watford,Borough,,E14001568
Waveney Valley,,Eastern,Waveney Valley,Waveney Valley,County,,E14001569
Weald of Kent,,South East,Weald of Kent,"Kent, Weald of",County,,E14001570
Wellingborough and Rushden,,East Midlands,Wellingborough and Rushden,Wellingborough and Rushden,County,,E14001571
Wells and Mendip Hills,,South West,Wells and Mendip Hills,Wells and Mendip Hills,County,,E14001572
Welwyn Hatfield,,Eastern,Welwyn Hatfield,Welwyn Hatfield,County,,E14001573
West Aberdeenshire and Kincardine,,Scotland,West Aberdeenshire and Kincardine,Aberdeenshire West and Kincardine,County,,
West Bromwich,,West Midlands,West Bromwich,West Bromwich,Borough,,E14001574
West Dorset,,South West,West Dorset,Dorset West,County,,E14001575
West Dunbartonshire,,Scotland,West Dunbartonshire,Dunbartonshire West,County,,
West Ham and Beckton,,London,West Ham and Beckton,West Ham and Beckton,Borough,,E14001576
West Lancashire,,North West,West Lancashire,Lancashire West,County,,E14001577
West Suffolk,,Eastern,West Suffolk,Suffolk West,County,,E14001578
West Tyrone,,Northern Ireland,West Tyrone,Tyrone West,County,,
West Worcestershire,,West Midlands,West Worcestershire,Worcestershire West,County,,E14001579
Westmorland and Lonsdale,,North West,Westmorland and Lonsdale,Westmorland and Lonsdale,County,,E14001580
Weston-super-Mare,,South West,Weston-super-Mare,Weston-super-Mare,County,,E14001581
Wetherby and Easingwold,,Yorkshire and the Humber,Wetherby and Easingwold,Wetherby and Easingwold,County,,E14001582
Whitehaven and Workington,,North West,Whitehaven and Workington,Whitehaven and Workington,County,,E14001583
Widnes and Halewood,,North West,Widnes and Halewood,Widnes and Halewood,County,,E14001584
Wigan,,North West,Wigan,Wigan,County,,E14001585
Wimbledon,,London,Wimbledon,Wimbledon,Borough,,E14001586
Winchester,,South East,Winchester,Winchester,County,,E14001587
Windsor,,South East,Windsor,Windsor,County,,E14001588
Wirral West,,North West,Wirral West,Wirral West,County,,E14001589
Witham,,Eastern,Witham,Witham,County,,E14001590
Witney,,South East,Witney,Witney,County,,E14001591
Woking,,South East,Woking,Woking,Borough,,E14001592
Wokingham,,South East,Wokingham,Wokingham,County,,E14001593
Wolverhampton North East,,West Midlands,Wolverhampton North East,Wolverhampton North East,Borough,,E14001594
Wolverhampton South East,,West Midlands,Wolverhampton South East,Wolverhampton South East,Borough,,E14001595
Wolverhampton West,,West Midlands,Wolverhampton West,Wolverhampton West,Borough,,E14001596
Worcester,,West Midlands,Worcester,Worcester,Borough,,E14001597
Worsley and Eccles,,North West,Worsley and Eccles,Worsley and Eccles,County,,E14001598
Worthing West,,South East,Worthing West,Worthing West,County,,E14001599
Wrexham,,Wales,Wrexham,Wrexham,County,,W07000111
Wycombe,,South East,Wycombe,Wycombe,County,,E14001600
Wyre Forest,,West Midlands,Wyre Forest,Wyre Forest,County,,E14001601
Wythenshawe and Sale East,,North West,Wythenshawe and Sale East,Wythenshawe and Sale East,Borough,,E14001602
Yeovil,,South West,Yeovil,Yeovil,County,,E14001603
Ynys Mn,,Wales,Ynys Mn,Ynys Mn,County,,W07000112
York Central,,Yorkshire and the Humber,York Central,York Central,Borough,,E14001604
York Outer,,Yorkshire and the Humber,York Outer,York Outer,County,,E14001605
