New constituency names (confirmed),MNIS ID,Country or region,Name,Alpha name,Constituency type,Start date,ONS code
,,Needed,Needed,Needed derivable,Needed,Not null,Null
Count of values (not null) (Odata),,,650,650,650,650,650
Aberafan Maesteg,,Wales,Aberafan Maesteg,Aberafan Maesteg,County,,
Aberdeen North,,Scotland,Aberdeen North,Aberdeen North,Burgh,,
Aberdeen South,,Scotland,Aberdeen South,Aberdeen South,Burgh,,
Aberdeenshire North and Moray East,,Scotland,Aberdeenshire North and Moray East,Aberdeenshire North and Moray East,County,,
Airdrie and Shotts,,Scotland,Airdrie and Shotts,Airdrie and Shotts,County,,
Aldershot,,South East,Aldershot,Aldershot,Borough,,
Aldridge-Brownhills,,West Midlands,Aldridge-Brownhills,Aldridge-Brownhills,Borough,,
Alloa and Grangemouth,,Scotland,Alloa and Grangemouth,Alloa and Grangemouth,County,,
Altrincham and Sale West,,North West,Altrincham and Sale West,Altrincham and Sale West,Borough,,
Alyn and Deeside,,Wales,Alyn and Deeside,Alyn and Deeside,County,,
Amber Valley,,East Midlands,Amber Valley,Amber Valley,County,,
Angus and Perthshire Glens,,Scotland,Angus and Perthshire Glens,Angus and Perthshire Glens,County,,
Arbroath and Broughty Ferry,,Scotland,Arbroath and Broughty Ferry,Arbroath and Broughty Ferry,County,,
"Argyll, Bute and South Lochaber",,Scotland,"Argyll, Bute and South Lochaber","Argyll, Bute and South Lochaber",County,,
Arundel and South Downs,,South East,Arundel and South Downs,Arundel and South Downs,County,,
Ashfield,,East Midlands,Ashfield,Ashfield,County,,
Ashford,,South East,Ashford,Ashford,County,,
Ashton-under-Lyne,,North West,Ashton-under-Lyne,Ashton-under-Lyne,Borough,,
Aylesbury,,South East,Aylesbury,Aylesbury,County,,
"Ayr, Carrick and Cumnock",,Scotland,"Ayr, Carrick and Cumnock","Ayr, Carrick and Cumnock",County,,
Banbury,,South East,Banbury,Banbury,County,,
Bangor Aberconwy,,Wales,Bangor Aberconwy,Bangor Aberconwy,County,,
Barking,,London,Barking,Barking,Borough,,
Barnsley North,,Yorkshire and the Humber,Barnsley North,Barnsley North,County,,
Barnsley South,,Yorkshire and the Humber,Barnsley South,Barnsley South,County,,
Barrow and Furness,,North West,Barrow and Furness,Barrow and Furness,County,,
Basildon and Billericay,,Eastern,Basildon and Billericay,Basildon and Billericay,Borough,,
Basingstoke,,South East,Basingstoke,Basingstoke,Borough,,
Bassetlaw,,East Midlands,Bassetlaw,Bassetlaw,County,,
Bath,,South West,Bath,Bath,County,,
Bathgate and Linlithgow,,Scotland,Bathgate and Linlithgow,Bathgate and Linlithgow,County,,
Battersea,,London,Battersea,Battersea,Borough,,
Beaconsfield,,South East,Beaconsfield,Beaconsfield,County,,
Beckenham and Penge,,London,Beckenham and Penge,Beckenham and Penge,Borough,,
Bedford,,Eastern,Bedford,Bedford,Borough,,
Belfast East,,Northern Ireland,Belfast East,Belfast East,Borough,,
Belfast North,,Northern Ireland,Belfast North,Belfast North,Borough,,
Belfast South and Mid Down,,Northern Ireland,Belfast South and Mid Down,Belfast South and Mid Down,Borough,,
Belfast West,,Northern Ireland,Belfast West,Belfast West,Borough,,
Bermondsey and Old Southwark,,London,Bermondsey and Old Southwark,Bermondsey and Old Southwark,Borough,,
"Berwickshire, Roxburgh and Selkirk",,Scotland,"Berwickshire, Roxburgh and Selkirk","Berwickshire, Roxburgh and Selkirk",County,,
Bethnal Green and Stepney,,London,Bethnal Green and Stepney,Bethnal Green and Stepney,Borough,,
Beverley and Holderness,,Yorkshire and the Humber,Beverley and Holderness,Beverley and Holderness,County,,
Bexhill and Battle,,South East,Bexhill and Battle,Bexhill and Battle,County,,
Bexleyheath and Crayford,,London,Bexleyheath and Crayford,Bexleyheath and Crayford,Borough,,
Bicester and Woodstock,,South East,Bicester and Woodstock,Bicester and Woodstock,County,,
Birkenhead,,North West,Birkenhead,Birkenhead,Borough,,
Birmingham Edgbaston,,West Midlands,Birmingham Edgbaston,Birmingham Edgbaston,Borough,,
Birmingham Erdington,,West Midlands,Birmingham Erdington,Birmingham Erdington,Borough,,
Birmingham Hall Green and Moseley,,West Midlands,Birmingham Hall Green and Moseley,Birmingham Hall Green and Moseley,Borough,,
Birmingham Hodge Hill and Solihull North,,West Midlands,Birmingham Hodge Hill and Solihull North,Birmingham Hodge Hill and Solihull North,Borough,,
Birmingham Ladywood,,West Midlands,Birmingham Ladywood,Birmingham Ladywood,Borough,,
Birmingham Northfield,,West Midlands,Birmingham Northfield,Birmingham Northfield,Borough,,
Birmingham Perry Barr,,West Midlands,Birmingham Perry Barr,Birmingham Perry Barr,Borough,,
Birmingham Selly Oak,,West Midlands,Birmingham Selly Oak,Birmingham Selly Oak,Borough,,
Birmingham Yardley,,West Midlands,Birmingham Yardley,Birmingham Yardley,Borough,,
Bishop Auckland,,North East,Bishop Auckland,Bishop Auckland,County,,
Blackburn,,North West,Blackburn,Blackburn,Borough,,
Blackley and Middleton South,,North West,Blackley and Middleton South,Blackley and Middleton South,Borough,,
Blackpool North and Fleetwood,,North West,Blackpool North and Fleetwood,Blackpool North and Fleetwood,Borough,,
Blackpool South,,North West,Blackpool South,Blackpool South,Borough,,
Blaenau Gwent and Rhymney,,Wales,Blaenau Gwent and Rhymney,Blaenau Gwent and Rhymney,County,,
Blaydon and Consett,,North East,Blaydon and Consett,Blaydon and Consett,County,,
Blyth and Ashington,,North East,Blyth and Ashington,Blyth and Ashington,County,,
Bognor Regis and Littlehampton,,South East,Bognor Regis and Littlehampton,Bognor Regis and Littlehampton,Borough,,
Bolsover,,East Midlands,Bolsover,Bolsover,County,,
Bolton North East,,North West,Bolton North East,Bolton North East,Borough,,
Bolton South and Walkden,,North West,Bolton South and Walkden,Bolton South and Walkden,Borough,,
Bolton West,,North West,Bolton West,Bolton West,County,,
Bootle,,North West,Bootle,Bootle,Borough,,
Boston and Skegness,,East Midlands,Boston and Skegness,Boston and Skegness,County,,
Bournemouth East,,South West,Bournemouth East,Bournemouth East,Borough,,
Bournemouth West,,South West,Bournemouth West,Bournemouth West,Borough,,
Bracknell,,South East,Bracknell,Bracknell,Borough,,
Bradford East,,Yorkshire and the Humber,Bradford East,Bradford East,Borough,,
Bradford South,,Yorkshire and the Humber,Bradford South,Bradford South,Borough,,
Bradford West,,Yorkshire and the Humber,Bradford West,Bradford West,Borough,,
Braintree,,Eastern,Braintree,Braintree,County,,
"Brecon, Radnor and Cwm Tawe",,Wales,"Brecon, Radnor and Cwm Tawe","Brecon, Radnor and Cwm Tawe",County,,
Brent East,,London,Brent East,Brent East,Borough,,
Brent West,,London,Brent West,Brent West,Borough,,
Brentford and Isleworth,,London,Brentford and Isleworth,Brentford and Isleworth,Borough,,
Brentwood and Ongar,,Eastern,Brentwood and Ongar,Brentwood and Ongar,County,,
Bridgend,,Wales,Bridgend,Bridgend,County,,
Bridgwater,,South West,Bridgwater,Bridgwater,County,,
Bridlington and The Wolds,,Yorkshire and the Humber,Bridlington and The Wolds,Bridlington and The Wolds,County,,
Brigg and Immingham,,Yorkshire and the Humber,Brigg and Immingham,Brigg and Immingham,County,,
Brighton Kemptown and Peacehaven,,South East,Brighton Kemptown and Peacehaven,Brighton Kemptown and Peacehaven,Borough,,
Brighton Pavilion,,South East,Brighton Pavilion,Brighton Pavilion,Borough,,
Bristol Central,,South West,Bristol Central,Bristol Central,Borough,,
Bristol East,,South West,Bristol East,Bristol East,Borough,,
Bristol North East,,South West,Bristol North East,Bristol North East,Borough,,
Bristol North West,,South West,Bristol North West,Bristol North West,Borough,,
Bristol South,,South West,Bristol South,Bristol South,Borough,,
Broadland and Fakenham,,Eastern,Broadland and Fakenham,Broadland and Fakenham,County,,
Bromley and Biggin Hill,,London,Bromley and Biggin Hill,Bromley and Biggin Hill,Borough,,
Bromsgrove,,West Midlands,Bromsgrove,Bromsgrove,County,,
Broxbourne,,Eastern,Broxbourne,Broxbourne,County,,
Broxtowe,,East Midlands,Broxtowe,Broxtowe,County,,
Buckingham and Bletchley,,South East,Buckingham and Bletchley,Buckingham and Bletchley,County,,
Burnley,,North West,Burnley,Burnley,County,,
Burton and Uttoxeter,,West Midlands,Burton and Uttoxeter,Burton and Uttoxeter,County,,
Bury North,,North West,Bury North,Bury North,Borough,,
Bury South,,North West,Bury South,Bury South,Borough,,
Bury St Edmunds and Stowmarket,,Eastern,Bury St Edmunds and Stowmarket,Bury St Edmunds and Stowmarket,County,,
Caerfyrddin,,Wales,Caerfyrddin,Caerfyrddin,County,,
Caerphilly,,Wales,Caerphilly,Caerphilly,County,,
"Caithness, Sutherland and Easter Ross",,Scotland,"Caithness, Sutherland and Easter Ross","Caithness, Sutherland and Easter Ross",County,,
Calder Valley,,Yorkshire and the Humber,Calder Valley,Calder Valley,County,,
Camborne and Redruth,,South West,Camborne and Redruth,Camborne and Redruth,County,,
Cambridge,,Eastern,Cambridge,Cambridge,Borough,,
Cannock Chase,,West Midlands,Cannock Chase,Cannock Chase,County,,
Canterbury,,South East,Canterbury,Canterbury,County,,
Cardiff East,,Wales,Cardiff East,Cardiff East,Borough,,
Cardiff North,,Wales,Cardiff North,Cardiff North,Borough,,
Cardiff South and Penarth,,Wales,Cardiff South and Penarth,Cardiff South and Penarth,Borough,,
Cardiff West,,Wales,Cardiff West,Cardiff West,Borough,,
Carlisle,,North West,Carlisle,Carlisle,County,,
Carshalton and Wallington,,London,Carshalton and Wallington,Carshalton and Wallington,Borough,,
Castle Point,,Eastern,Castle Point,Castle Point,Borough,,
Central Ayrshire,,Scotland,Central Ayrshire,Ayrshire Central,County,,
Central Devon,,South West,Central Devon,Devon Central,County,,
Central Suffolk and North Ipswich,,Eastern,Central Suffolk and North Ipswich,Suffolk Central and Ipswich North,County,,
Ceredigion Preseli,,Wales,Ceredigion Preseli,Ceredigion Preseli,County,,
Chatham and Aylesford,,South East,Chatham and Aylesford,Chatham and Aylesford,County,,
Cheadle,,North West,Cheadle,Cheadle,Borough,,
Chelmsford,,Eastern,Chelmsford,Chelmsford,Borough,,
Chelsea and Fulham,,London,Chelsea and Fulham,Chelsea and Fulham,Borough,,
Cheltenham,,South West,Cheltenham,Cheltenham,Borough,,
Chesham and Amersham,,South East,Chesham and Amersham,Chesham and Amersham,County,,
Chester North and Neston,,North West,Chester North and Neston,Chester North and Neston,County,,
Chester South and Eddisbury,,North West,Chester South and Eddisbury,Chester South and Eddisbury,County,,
Chesterfield,,East Midlands,Chesterfield,Chesterfield,Borough,,
Chichester,,South East,Chichester,Chichester,County,,
Chingford and Woodford Green,,London,Chingford and Woodford Green,Chingford and Woodford Green,Borough,,
Chippenham,,South West,Chippenham,Chippenham,County,,
Chipping Barnet,,London,Chipping Barnet,Chipping Barnet,Borough,,
Chorley,,North West,Chorley,Chorley,County,,
Christchurch,,South West,Christchurch,Christchurch,County,,
Cities of London and Westminster,,London,Cities of London and Westminster,"London and Westminster, Cities of ",Borough,,
City of Durham,,North East,City of Durham,"Durham, City of",County,,
Clacton,,Eastern,Clacton,Clacton,County,,
Clapham and Brixton Hill,,London,Clapham and Brixton Hill,Clapham and Brixton Hill,Borough,,
Clwyd East,,Wales,Clwyd East,Clwyd East,County,,
Clwyd North,,Wales,Clwyd North,Clwyd North,County,,
Coatbridge and Bellshill,,Scotland,Coatbridge and Bellshill,Coatbridge and Bellshill,Burgh,,
Colchester,,Eastern,Colchester,Colchester,Borough,,
Colne Valley,,Yorkshire and the Humber,Colne Valley,Colne Valley,County,,
Congleton,,North West,Congleton,Congleton,County,,
Corby and East Northamptonshire,,East Midlands,Corby and East Northamptonshire,Corby and Northamptonshire East,County,,
Coventry East,,West Midlands,Coventry East,Coventry East,Borough,,
Coventry North West,,West Midlands,Coventry North West,Coventry North West,Borough,,
Coventry South,,West Midlands,Coventry South,Coventry South,Borough,,
Cowdenbeath and Kirkcaldy,,Scotland,Cowdenbeath and Kirkcaldy,Cowdenbeath and Kirkcaldy,County,,
Cramlington and Killingworth,,North East,Cramlington and Killingworth,Cramlington and Killingworth,County,,
Crawley,,South East,Crawley,Crawley,Borough,,
Crewe and Nantwich,,North West,Crewe and Nantwich,Crewe and Nantwich,County,,
Croydon East,,London,Croydon East,Croydon East,Borough,,
Croydon South,,London,Croydon South,Croydon South,Borough,,
Croydon West,,London,Croydon West,Croydon West,Borough,,
Cumbernauld and Kirkintilloch,,Scotland,Cumbernauld and Kirkintilloch,Cumbernauld and Kirkintilloch,County,,
Dagenham and Rainham,,London,Dagenham and Rainham,Dagenham and Rainham,Borough,,
Darlington,,North East,Darlington,Darlington,County,,
Dartford,,South East,Dartford,Dartford,County,,
Daventry,,East Midlands,Daventry,Daventry,County,,
Derby North,,East Midlands,Derby North,Derby North,Borough,,
Derby South,,East Midlands,Derby South,Derby South,Borough,,
Derbyshire Dales,,East Midlands,Derbyshire Dales,Derbyshire Dales,County,,
Dewsbury and Batley,,Yorkshire and the Humber,Dewsbury and Batley,Dewsbury and Batley,Borough,,
Didcot and Wantage,,South East,Didcot and Wantage,Didcot and Wantage,County,,
Doncaster Central,,Yorkshire and the Humber,Doncaster Central,Doncaster Central,County,,
Doncaster East and the Isle of Axholme,,Yorkshire and the Humber,Doncaster East and the Isle of Axholme,Doncaster East and the Isle of Axholme,County,,
Doncaster North,,Yorkshire and the Humber,Doncaster North,Doncaster North,County,,
Dorking and Horley,,South East,Dorking and Horley,Dorking and Horley,County,,
Dover and Deal,,South East,Dover and Deal,Dover and Deal,County,,
Droitwich and Evesham,,West Midlands,Droitwich and Evesham,Droitwich and Evesham,County,,
Dudley,,West Midlands,Dudley,Dudley,Borough,,
Dulwich and West Norwood,,London,Dulwich and West Norwood,Dulwich and West Norwood,Borough,,
Dumfries and Galloway,,Scotland,Dumfries and Galloway,Dumfries and Galloway,County,,
"Dumfriesshire, Clydesdale and Tweeddale",,Scotland,"Dumfriesshire, Clydesdale and Tweeddale","Dumfriesshire, Clydesdale and Tweeddale",County,,
Dundee Central,,Scotland,Dundee Central,Dundee Central,Burgh,,
Dunfermline and Dollar,,Scotland,Dunfermline and Dollar,Dunfermline and Dollar,County,,
Dunstable and Leighton Buzzard,,Eastern,Dunstable and Leighton Buzzard,Dunstable and Leighton Buzzard,County,,
Dwyfor Meirionnydd,,Wales,Dwyfor Meirionnydd,Dwyfor Meirionnydd,County,,
Ealing Central and Acton,,London,Ealing Central and Acton,Ealing Central and Acton,Borough,,
Ealing North,,London,Ealing North,Ealing North,Borough,,
Ealing Southall,,London,Ealing Southall,Ealing Southall,Borough,,
Earley and Woodley,,South East,Earley and Woodley,Earley and Woodley,Borough,,
Easington,,North East,Easington,Easington,County,,
East Antrim,,Northern Ireland,East Antrim,Antrim East,County,,
East Grinstead and Uckfield,,South East,East Grinstead and Uckfield,East Grinstead and Uckfield,County,,
East Ham,,London,East Ham,East Ham,Borough,,
East Hampshire,,South East,East Hampshire,Hampshire East,County,,
East Kilbride and Strathaven,,Scotland,East Kilbride and Strathaven,East Kilbride and Strathaven,County,,
East Londonderry,,Northern Ireland,East Londonderry,East Londonderry,County,,
East Renfrewshire,,Scotland,East Renfrewshire,Renfrewshire East,County,,
East Surrey,,South East,East Surrey,Surrey East,County,,
East Thanet,,South East,East Thanet,Thanet East,Borough,,
East Wiltshire,,South West,East Wiltshire,Wiltshire East,County,,
East Worthing and Shoreham,,South East,East Worthing and Shoreham,Worthing East and Shoreham,County,,
Eastbourne,,South East,Eastbourne,Eastbourne,Borough,,
Eastleigh,,South East,Eastleigh,Eastleigh,Borough,,
Edinburgh East and Musselburgh,,Scotland,Edinburgh East and Musselburgh,Edinburgh East and Musselburgh,Burgh,,
Edinburgh North and Leith,,Scotland,Edinburgh North and Leith,Edinburgh North and Leith,Burgh,,
Edinburgh South,,Scotland,Edinburgh South,Edinburgh South,Burgh,,
Edinburgh South West,,Scotland,Edinburgh South West,Edinburgh South West,Burgh,,
Edinburgh West,,Scotland,Edinburgh West,Edinburgh West,Burgh,,
Edmonton and Winchmore Hill,,London,Edmonton and Winchmore Hill,Edmonton and Winchmore Hill,Borough,,
Ellesmere Port and Bromborough,,North West,Ellesmere Port and Bromborough,Ellesmere Port and Bromborough,Borough,,
Eltham and Chislehurst,,London,Eltham and Chislehurst,Eltham and Chislehurst,Borough,,
Ely and East Cambridgeshire,,Eastern,Ely and East Cambridgeshire,Ely and Cambridgeshire East,County,,
Enfield North,,London,Enfield North,Enfield North,Borough,,
Epping Forest,,Eastern,Epping Forest,Epping Forest,County,,
Epsom and Ewell,,South East,Epsom and Ewell,Epsom and Ewell,Borough,,
Erewash,,East Midlands,Erewash,Erewash,County,,
Erith and Thamesmead,,London,Erith and Thamesmead,Erith and Thamesmead,Borough,,
Esher and Walton,,South East,Esher and Walton,Esher and Walton,Borough,,
Exeter,,South West,Exeter,Exeter,Borough,,
Exmouth and Exeter East,,South West,Exmouth and Exeter East,Exmouth and Exeter East,County,,
Falkirk,,Scotland,Falkirk,Falkirk,County,,
Fareham and Waterlooville,,South East,Fareham and Waterlooville,Fareham and Waterlooville,County,,
Farnham and Bordon,,South East,Farnham and Bordon,Farnham and Bordon,County,,
Faversham and Mid Kent,,South East,Faversham and Mid Kent,Kent Mid and Faversham,County,,
Feltham and Heston,,London,Feltham and Heston,Feltham and Heston,Borough,,
Fermanagh and South Tyrone,,Northern Ireland,Fermanagh and South Tyrone,Fermanagh and South Tyrone,County,,
Filton and Bradley Stoke,,South West,Filton and Bradley Stoke,Filton and Bradley Stoke,Borough,,
Finchley and Golders Green,,London,Finchley and Golders Green,Finchley and Golders Green,Borough,,
Folkestone and Hythe,,South East,Folkestone and Hythe,Folkestone and Hythe,County,,
Forest of Dean,,South West,Forest of Dean,Forest of Dean,County,,
Foyle,,Northern Ireland,Foyle,Foyle,County,,
Frome and East Somerset,,South West,Frome and East Somerset,Frome and Somerset East ,County,,
Fylde,,North West,Fylde,Fylde,County,,
Gainsborough,,East Midlands,Gainsborough,Gainsborough,County,,
Gateshead Central and Whickham,,North East,Gateshead Central and Whickham,Gateshead Central and Whickham,Borough,,
Gedling,,East Midlands,Gedling,Gedling,County,,
Gillingham and Rainham,,South East,Gillingham and Rainham,Gillingham and Rainham,Borough,,
Glasgow East,,Scotland,Glasgow East,Glasgow East,Burgh,,
Glasgow North,,Scotland,Glasgow North,Glasgow North,Burgh,,
Glasgow North East,,Scotland,Glasgow North East,Glasgow North East,Burgh,,
Glasgow South,,Scotland,Glasgow South,Glasgow South,Burgh,,
Glasgow South West,,Scotland,Glasgow South West,Glasgow South West,Burgh,,
Glasgow West,,Scotland,Glasgow West,Glasgow West,Burgh,,
Glastonbury and Somerton,,South West,Glastonbury and Somerton,Glastonbury and Somerton,County,,
Glenrothes and Mid Fife,,Scotland,Glenrothes and Mid Fife,Glenrothes and Fife Mid ,County,,
Gloucester,,South West,Gloucester,Gloucester,Borough,,
Godalming and Ash,,South East,Godalming and Ash,Godalming and Ash,County,,
Goole and Pocklington,,Yorkshire and the Humber,Goole and Pocklington,Goole and Pocklington,County,,
Gordon and Buchan,,Scotland,Gordon and Buchan,Gordon and Buchan,County,,
Gorton and Denton,,North West,Gorton and Denton,Gorton and Denton,Borough,,
Gosport,,South East,Gosport,Gosport,Borough,,
Gower,,Wales,Gower,Gower,County,,
Grantham and Bourne,,East Midlands,Grantham and Bourne,Grantham and Bourne,County,,
Gravesham,,South East,Gravesham,Gravesham,County,,
Great Grimsby and Cleethorpes,,Yorkshire and the Humber,Great Grimsby and Cleethorpes,Great Grimsby and Cleethorpes,Borough,,
Great Yarmouth,,Eastern,Great Yarmouth,Great Yarmouth,County,,
Greenwich and Woolwich,,London,Greenwich and Woolwich,Greenwich and Woolwich,Borough,,
Guildford,,South East,Guildford,Guildford,County,,
Hackney North and Stoke Newington,,London,Hackney North and Stoke Newington,Hackney North and Stoke Newington,Borough,,
Hackney South and Shoreditch,,London,Hackney South and Shoreditch,Hackney South and Shoreditch,Borough,,
Halesowen,,West Midlands,Halesowen,Halesowen,Borough,,
Halifax,,Yorkshire and the Humber,Halifax,Halifax,Borough,,
Hamble Valley,,South East,Hamble Valley,Hamble Valley,County,,
Hamilton and Clyde Valley,,Scotland,Hamilton and Clyde Valley,Hamilton and Clyde Valley,County,,
Hammersmith and Chiswick,,London,Hammersmith and Chiswick,Hammersmith and Chiswick,Borough,,
Hampstead and Highgate,,London,Hampstead and Highgate,Hampstead and Highgate,Borough,,
"Harborough, Oadby and Wigston",,East Midlands,"Harborough, Oadby and Wigston","Harborough, Oadby and Wigston",County,,
Harlow,,Eastern,Harlow,Harlow,County,,
Harpenden and Berkhamsted,,Eastern,Harpenden and Berkhamsted,Harpenden and Berkhamsted,County,,
Harrogate and Knaresborough,,Yorkshire and the Humber,Harrogate and Knaresborough,Harrogate and Knaresborough,County,,
Harrow East,,London,Harrow East,Harrow East,Borough,,
Harrow West,,London,Harrow West,Harrow West,Borough,,
Hartlepool,,North East,Hartlepool,Hartlepool,County,,
Harwich and North Essex,,Eastern,Harwich and North Essex,Harwich and Essex North,County,,
Hastings and Rye,,South East,Hastings and Rye,Hastings and Rye,County,,
Havant,,South East,Havant,Havant,Borough,,
Hayes and Harlington,,London,Hayes and Harlington,Hayes and Harlington,Borough,,
Hazel Grove,,North West,Hazel Grove,Hazel Grove,County,,
Hemel Hempstead,,Eastern,Hemel Hempstead,Hemel Hempstead,County,,
Hendon,,London,Hendon,Hendon,Borough,,
Henley and Thame,,South East,Henley and Thame,Henley and Thame,County,,
Hereford and South Herefordshire,,West Midlands,Hereford and South Herefordshire,Hereford and Herefordshire South,County,,
Herne Bay and Sandwich,,South East,Herne Bay and Sandwich,Herne Bay and Sandwich,County,,
Hertford and Stortford,,Eastern,Hertford and Stortford,Hertford and Stortford,County,,
Hertsmere,,Eastern,Hertsmere,Hertsmere,County,,
Hexham,,North East,Hexham,Hexham,County,,
Heywood and Middleton North,,North West,Heywood and Middleton North,Heywood and Middleton North,County,,
High Peak,,East Midlands,High Peak,High Peak,County,,
Hinckley and Bosworth,,East Midlands,Hinckley and Bosworth,Hinckley and Bosworth,County,,
Hitchin,,Eastern,Hitchin,Hitchin,County,,
Holborn and St Pancras,,London,Holborn and St Pancras,Holborn and St Pancras,Borough,,
Honiton and Sidmouth,,South West,Honiton and Sidmouth,Honiton and Sidmouth,County,,
Hornchurch and Upminster,,London,Hornchurch and Upminster,Hornchurch and Upminster,Borough,,
Hornsey and Friern Barnet,,London,Hornsey and Friern Barnet,Hornsey and Friern Barnet,Borough,,
Horsham,,South East,Horsham,Horsham,County,,
Houghton and Sunderland South,,North East,Houghton and Sunderland South,Houghton and Sunderland South,County,,
Hove and Portslade,,South East,Hove and Portslade,Hove and Portslade,Borough,,
Huddersfield,,Yorkshire and the Humber,Huddersfield,Huddersfield,Borough,,
Huntingdon,,Eastern,Huntingdon,Huntingdon,County,,
Hyndburn,,North West,Hyndburn,Hyndburn,County,,
Ilford North,,London,Ilford North,Ilford North,Borough,,
Ilford South,,London,Ilford South,Ilford South,Borough,,
Inverclyde and Renfrewshire West,,Scotland,Inverclyde and Renfrewshire West,Inverclyde and Renfrewshire West,County,,
"Inverness, Skye and West Ross-shire",,Scotland,"Inverness, Skye and West Ross-shire","Inverness, Skye and Ross-shire West ",County,,
Ipswich,,Eastern,Ipswich,Ipswich,Borough,,
Isle of Wight East,,South East,Isle of Wight East,Isle of Wight East,County,,
Isle of Wight West,,South East,Isle of Wight West,Isle of Wight West,County,,
Islington North,,London,Islington North,Islington North,Borough,,
Islington South and Finsbury,,London,Islington South and Finsbury,Islington South and Finsbury,Borough,,
Jarrow and Gateshead East,,North East,Jarrow and Gateshead East,Jarrow and Gateshead East,Borough,,
Keighley and Ilkley,,Yorkshire and the Humber,Keighley and Ilkley,Keighley and Ilkley,County,,
Kenilworth and Southam,,West Midlands,Kenilworth and Southam,Kenilworth and Southam,County,,
Kensington and Bayswater,,London,Kensington and Bayswater,Kensington and Bayswater,Borough,,
Kettering,,East Midlands,Kettering,Kettering,County,,
Kilmarnock and Loudoun,,Scotland,Kilmarnock and Loudoun,Kilmarnock and Loudoun,County,,
Kingston and Surbiton,,London,Kingston and Surbiton,Kingston and Surbiton,Borough,,
Kingston upon Hull East,,Yorkshire and the Humber,Kingston upon Hull East,Kingston upon Hull East,Borough,,
Kingston upon Hull North and Cottingham,,Yorkshire and the Humber,Kingston upon Hull North and Cottingham,Kingston upon Hull North and Cottingham,Borough,,
Kingston upon Hull West and Haltemprice,,Yorkshire and the Humber,Kingston upon Hull West and Haltemprice,Kingston upon Hull West and Haltemprice,Borough,,
Kingswinford and South Staffordshire,,West Midlands,Kingswinford and South Staffordshire,Kingswinford and Staffordshire South,County,,
Knowsley,,North West,Knowsley,Knowsley,Borough,,
Lagan Valley,,Northern Ireland,Lagan Valley,Lagan Valley,County,,
Lancaster and Wyre,,North West,Lancaster and Wyre,Lancaster and Wyre,County,,
Leeds Central and Headingley,,Yorkshire and the Humber,Leeds Central and Headingley,Leeds Central and Headingley,Borough,,
Leeds East,,Yorkshire and the Humber,Leeds East,Leeds East,County,,
Leeds North East,,Yorkshire and the Humber,Leeds North East,Leeds North East,Borough,,
Leeds North West,,Yorkshire and the Humber,Leeds North West,Leeds North West,County,,
Leeds South,,Yorkshire and the Humber,Leeds South,Leeds South,Borough,,
Leeds South West and Morley,,Yorkshire and the Humber,Leeds South West and Morley,Leeds South West and Morley,Borough,,
Leeds West and Pudsey,,Yorkshire and the Humber,Leeds West and Pudsey,Leeds West and Pudsey,Borough,,
Leicester East,,East Midlands,Leicester East,Leicester East,Borough,,
Leicester South,,East Midlands,Leicester South,Leicester South,Borough,,
Leicester West,,East Midlands,Leicester West,Leicester West,Borough,,
Leigh and Atherton,,North West,Leigh and Atherton,Leigh and Atherton,Borough,,
Lewes,,South East,Lewes,Lewes,County,,
Lewisham East,,London,Lewisham East,Lewisham East,Borough,,
Lewisham North,,London,Lewisham North,Lewisham North,Borough,,
Lewisham West and East Dulwich,,London,Lewisham West and East Dulwich,Lewisham West and East Dulwich,Borough,,
Leyton and Wanstead,,London,Leyton and Wanstead,Leyton and Wanstead,Borough,,
Lichfield,,West Midlands,Lichfield,Lichfield,County,,
Lincoln,,East Midlands,Lincoln,Lincoln,Borough,,
Liverpool Garston,,North West,Liverpool Garston,Liverpool Garston,Borough,,
Liverpool Riverside,,North West,Liverpool Riverside,Liverpool Riverside,Borough,,
Liverpool Walton,,North West,Liverpool Walton,Liverpool Walton,Borough,,
Liverpool Wavertree,,North West,Liverpool Wavertree,Liverpool Wavertree,Borough,,
Liverpool West Derby,,North West,Liverpool West Derby,Liverpool West Derby,Borough,,
Livingston,,Scotland,Livingston,Livingston,County,,
Llanelli,,Wales,Llanelli,Llanelli,County,,
Lothian East,,Scotland,Lothian East,Lothian East,County,,
Loughborough,,East Midlands,Loughborough,Loughborough,County,,
Louth and Horncastle,,East Midlands,Louth and Horncastle,Louth and Horncastle,County,,
Lowestoft,,Eastern,Lowestoft,Lowestoft,County,,
Luton North,,Eastern,Luton North,Luton North,Borough,,
Luton South and South Bedfordshire,,Eastern,Luton South and South Bedfordshire,Luton South and Befordshire South,County,,
Macclesfield,,North West,Macclesfield,Macclesfield,County,,
Maidenhead,,South East,Maidenhead,Maidenhead,County,,
Maidstone and Malling,,South East,Maidstone and Malling,Maidstone and Malling,County,,
Makerfield,,North West,Makerfield,Makerfield,Borough,,
Maldon,,Eastern,Maldon,Maldon,County,,
Manchester Central,,North West,Manchester Central,Manchester Central,Borough,,
Manchester Rusholme,,North West,Manchester Rusholme,Manchester Rusholme,Borough,,
Manchester Withington,,North West,Manchester Withington,Manchester Withington,Borough,,
Mansfield,,East Midlands,Mansfield,Mansfield,County,,
Melksham and Devizes,,South West,Melksham and Devizes,Melksham and Devizes,County,,
Melton and Syston,,East Midlands,Melton and Syston,Melton and Syston,County,,
Meriden and Solihull East,,West Midlands,Meriden and Solihull East,Meriden and Solihull East,County,,
Merthyr Tydfil and Aberdare,,Wales,Merthyr Tydfil and Aberdare,Merthyr Tydfil and Aberdare,County,,
Mid and South Pembrokeshire,,Wales,Mid and South Pembrokeshire,Pembrokeshire Mid and South,County,,
Mid Bedfordshire,,Eastern,Mid Bedfordshire,Bedfordshire Mid,County,,
Mid Buckinghamshire,,South East,Mid Buckinghamshire,Buckinghamshire Mid,County,,
Mid Cheshire,,North West,Mid Cheshire,Cheshire Mid,County,,
Mid Derbyshire,,East Midlands,Mid Derbyshire,Derbyshire Mid,County,,
Mid Dorset and North Poole,,South West,Mid Dorset and North Poole,Dorset Mid and Poole North,County,,
Mid Dunbartonshire,,Scotland,Mid Dunbartonshire,Dunbartonshire Mid,County,,
Mid Leicestershire,,East Midlands,Mid Leicestershire,Leicestershire Mid,County,,
Mid Norfolk,,Eastern,Mid Norfolk,Norfolk Mid,County,,
Mid Sussex,,South East,Mid Sussex,Sussex Mid,County,,
Mid Ulster,,Northern Ireland,Mid Ulster,Mid Ulster,County,,
Middlesbrough and Thornaby East,,North East,Middlesbrough and Thornaby East,Middlesbrough and Thornaby East,Borough,,
Middlesbrough South and East Cleveland,,North East,Middlesbrough South and East Cleveland,Middlesbrough South and Cleveland East ,County,,
Midlothian,,Scotland,Midlothian,Midlothian,County,,
Milton Keynes Central,,South East,Milton Keynes Central,Milton Keynes Central,Borough,,
Milton Keynes North,,South East,Milton Keynes North,Milton Keynes North,County,,
Mitcham and Morden,,London,Mitcham and Morden,Mitcham and Morden,Borough,,
Monmouthshire,,Wales,Monmouthshire,Monmouthshire,County,,
Montgomeryshire and Glyndwr,,Wales,Montgomeryshire and Glyndwr,Montgomeryshire and Glyndwr,County,,
"Moray West, Nairn and Strathspey",,Scotland,"Moray West, Nairn and Strathspey","Moray West, Nairn and Strathspey",County,,
Morecambe and Lunesdale,,North West,Morecambe and Lunesdale,Morecambe and Lunesdale,County,,
"Motherwell, Wishaw and Carluke",,Scotland,"Motherwell, Wishaw and Carluke","Motherwell, Wishaw and Carluke",County,,
Na h-Eileanan an Iar,,Scotland,Na h-Eileanan an Iar,Na h-Eileanan an Iar,County,,
Neath and Swansea East,,Wales,Neath and Swansea East,Neath and Swansea East,County,,
New Forest East,,South East,New Forest East,New Forest East,County,,
New Forest West,,South East,New Forest West,New Forest West,County,,
Newark,,East Midlands,Newark,Newark,County,,
Newbury,,South East,Newbury,Newbury,County,,
Newcastle upon Tyne Central and West,,North East,Newcastle upon Tyne Central and West,Newcastle upon Tyne Central and West,Borough,,
Newcastle upon Tyne East and Wallsend,,North East,Newcastle upon Tyne East and Wallsend,Newcastle upon Tyne East and Wallsend,Borough,,
Newcastle upon Tyne North,,North East,Newcastle upon Tyne North,Newcastle upon Tyne North,Borough,,
Newcastle-under-Lyme,,West Midlands,Newcastle-under-Lyme,Newcastle-under-Lyme,County,,
Newport East,,Wales,Newport East,Newport East,County,,
Newport West and Islwyn,,Wales,Newport West and Islwyn,Newport West and Islwyn,County,,
Newry and Armagh,,Northern Ireland,Newry and Armagh,Newry and Armagh,County,,
Newton Abbot,,South West,Newton Abbot,Newton Abbot,County,,
Newton Aycliffe and Spennymoor,,North East,Newton Aycliffe and Spennymoor,Newton Aycliffe and Spennymoor,County,,
Normanton and Hemsworth,,Yorkshire and the Humber,Normanton and Hemsworth,Normanton and Hemsworth,County,,
North Antrim,,Northern Ireland,North Antrim,Antrim North,County,,
North Ayrshire and Arran,,Scotland,North Ayrshire and Arran,Ayrshire North and Arran,County,,
North Bedfordshire,,Eastern,North Bedfordshire,Bedfordshire North,County,,
North Cornwall,,South West,North Cornwall,Cornwall North,County,,
North Cotswolds,,South West,North Cotswolds,Cotswolds North,County,,
North Devon,,South West,North Devon,Devon North,County,,
North Dorset,,South West,North Dorset,Dorset North,County,,
North Down,,Northern Ireland,North Down,North Down,County,,
North Durham,,North East,North Durham,Durham North,County,,
North East Cambridgeshire,,Eastern,North East Cambridgeshire,Camrbidgeshire North East,County,,
North East Derbyshire,,East Midlands,North East Derbyshire,Derbyshire North East,County,,
North East Fife,,Scotland,North East Fife,Fife North East,County,,
North East Hampshire,,South East,North East Hampshire,Hampshire North East,County,,
North East Hertfordshire,,Eastern,North East Hertfordshire,Hertfordshire North East,County,,
North East Somerset and Hanham,,South West,North East Somerset and Hanham,Somerset North East and Hanham,County,,
North Herefordshire,,West Midlands,North Herefordshire,Herefordshire North,County,,
North Norfolk,,Eastern,North Norfolk,Norfolk North,County,,
North Northumberland,,North East,North Northumberland,Northumberland North,County,,
North Shropshire,,West Midlands,North Shropshire,Shropshire North,County,,
North Somerset,,South West,North Somerset,Somerset North,County,,
North Warwickshire and Bedworth,,West Midlands,North Warwickshire and Bedworth,Warwickshire North and Bedworth,County,,
North West Cambridgeshire,,Eastern,North West Cambridgeshire,Cambridgeshire North West,County,,
North West Essex,,Eastern,North West Essex,Essex North West,County,,
North West Hampshire,,South East,North West Hampshire,Hampshire North West,County,,
North West Leicestershire,,East Midlands,North West Leicestershire,Leicestershire North West,County,,
North West Norfolk,,Eastern,North West Norfolk,Norfolk North West,County,,
Northampton North,,East Midlands,Northampton North,Northampton North,Borough,,
Northampton South,,East Midlands,Northampton South,Northampton South,Borough,,
Norwich North,,Eastern,Norwich North,Norwich North,Borough,,
Norwich South,,Eastern,Norwich South,Norwich South,Borough,,
Nottingham East,,East Midlands,Nottingham East,Nottingham East,Borough,,
Nottingham North and Kimberley,,East Midlands,Nottingham North and Kimberley,Nottingham North and Kimberley,Borough,,
Nottingham South,,East Midlands,Nottingham South,Nottingham South,Borough,,
Nuneaton,,West Midlands,Nuneaton,Nuneaton,County,,
Old Bexley and Sidcup,,London,Old Bexley and Sidcup,Old Bexley and Sidcup,Borough,,
Oldham East and Saddleworth,,North West,Oldham East and Saddleworth,Oldham East and Saddleworth,County,,
"Oldham West, Chadderton and Royton",,North West,"Oldham West, Chadderton and Royton","Oldham West, Chadderton and Royton",Borough,,
Orkney and Shetland,,Scotland,Orkney and Shetland,Orkney and Shetland,County,,
Orpington,,London,Orpington,Orpington,Borough,,
Ossett and Denby Dale,,Yorkshire and the Humber,Ossett and Denby Dale,Ossett and Denby Dale,County,,
Oxford East,,South East,Oxford East,Oxford East,Borough,,
Oxford West and Abingdon,,South East,Oxford West and Abingdon,Oxford West and Abingdon,County,,
Paisley and Renfrewshire North,,Scotland,Paisley and Renfrewshire North,Paisley and Renfrewshire North,Burgh,,
Paisley and Renfrewshire South,,Scotland,Paisley and Renfrewshire South,Paisley and Renfrewshire South,County,,
Peckham,,London,Peckham,Peckham,Borough,,
Pendle and Clitheroe,,North West,Pendle and Clitheroe,Pendle and Clitheroe,County,,
Penistone and Stocksbridge,,Yorkshire and the Humber,Penistone and Stocksbridge,Penistone and Stocksbridge,County,,
Penrith and Solway,,North West,Penrith and Solway,Penrith and Solway,County,,
Perth and Kinross-shire,,Scotland,Perth and Kinross-shire,Perth and Kinross-shire,County,,
Peterborough,,Eastern,Peterborough,Peterborough,County,,
Plymouth Moor View,,South West,Plymouth Moor View,Plymouth Moor View,Borough,,
Plymouth Sutton and Devonport,,South West,Plymouth Sutton and Devonport,Plymouth Sutton and Devonport,Borough,,
"Pontefract, Castleford and Knottingley",,Yorkshire and the Humber,"Pontefract, Castleford and Knottingley","Pontefract, Castleford and Knottingley",County,,
Pontypridd,,Wales,Pontypridd,Pontypridd,County,,
Poole,,South West,Poole,Poole,Borough,,
Poplar and Limehouse,,London,Poplar and Limehouse,Poplar and Limehouse,Borough,,
Portsmouth North,,South East,Portsmouth North,Portsmouth North,Borough,,
Portsmouth South,,South East,Portsmouth South,Portsmouth South,Borough,,
Preston,,North West,Preston,Preston,Borough,,
Putney,,London,Putney,Putney,Borough,,
Queen's Park and Maida Vale,,London,Queen's Park and Maida Vale,Queen's Park and Maida Vale,Borough,,
Rawmarsh and Conisbrough,,Yorkshire and the Humber,Rawmarsh and Conisbrough,Rawmarsh and Conisbrough,County,,
Rayleigh and Wickford,,Eastern,Rayleigh and Wickford,Rayleigh and Wickford,County,,
Reading Central,,South East,Reading Central,Reading Central,Borough,,
Reading West and Mid Berkshire,,South East,Reading West and Mid Berkshire,Reading West and Berkshire Mid ,County,,
Redcar,,North East,Redcar,Redcar,Borough,,
Redditch,,West Midlands,Redditch,Redditch,County,,
Reigate,,South East,Reigate,Reigate,County,,
Rhondda and Ogmore,,Wales,Rhondda and Ogmore,Rhondda and Ogmore,County,,
Ribble Valley,,North West,Ribble Valley,Ribble Valley,County,,
Richmond and Northallerton,,Yorkshire and the Humber,Richmond and Northallerton,Richmond and Northallerton,County,,
Richmond Park,,London,Richmond Park,Richmond Park,Borough,,
Rochdale,,North West,Rochdale,Rochdale,County,,
Rochester and Strood,,South East,Rochester and Strood,Rochester and Strood,County,,
Romford,,London,Romford,Romford,Borough,,
Romsey and Southampton North,,South East,Romsey and Southampton North,Romsey and Southampton North,County,,
Rossendale and Darwen,,North West,Rossendale and Darwen,Rossendale and Darwen,County,,
Rother Valley,,Yorkshire and the Humber,Rother Valley,Rother Valley,County,,
Rotherham,,Yorkshire and the Humber,Rotherham,Rotherham,Borough,,
Rugby,,West Midlands,Rugby,Rugby,County,,
"Ruislip, Northwood and Pinner",,London,"Ruislip, Northwood and Pinner","Ruislip, Northwood and Pinner",Borough,,
Runcorn and Helsby,,North West,Runcorn and Helsby,Runcorn and Helsby,County,,
Runnymede and Weybridge,,South East,Runnymede and Weybridge,Runnymede and Weybridge,County,,
Rushcliffe,,East Midlands,Rushcliffe,Rushcliffe,County,,
Rutherglen,,Scotland,Rutherglen,Rutherglen,Burgh,,
Rutland and Stamford,,East Midlands,Rutland and Stamford,Rutland and Stamford,County,,
Salford,,North West,Salford,Salford,Borough,,
Salisbury,,South West,Salisbury,Salisbury,County,,
Scarborough and Whitby,,Yorkshire and the Humber,Scarborough and Whitby,Scarborough and Whitby,County,,
Scunthorpe,,Yorkshire and the Humber,Scunthorpe,Scunthorpe,County,,
Sefton Central,,North West,Sefton Central,Sefton Central,County,,
Selby,,Yorkshire and the Humber,Selby,Selby,County,,
Sevenoaks,,South East,Sevenoaks,Sevenoaks,County,,
Sheffield Brightside and Hillsborough,,Yorkshire and the Humber,Sheffield Brightside and Hillsborough,Sheffield Brightside and Hillsborough,Borough,,
Sheffield Central,,Yorkshire and the Humber,Sheffield Central,Sheffield Central,Borough,,
Sheffield Hallam,,Yorkshire and the Humber,Sheffield Hallam,Sheffield Hallam,County,,
Sheffield Heeley,,Yorkshire and the Humber,Sheffield Heeley,Sheffield Heeley,Borough,,
Sheffield South East,,Yorkshire and the Humber,Sheffield South East,Sheffield South East,Borough,,
Sherwood Forest,,East Midlands,Sherwood Forest,Sherwood Forest,County,,
Shipley,,Yorkshire and the Humber,Shipley,Shipley,County,,
Shrewsbury,,West Midlands,Shrewsbury,Shrewsbury,County,,
Sittingbourne and Sheppey,,South East,Sittingbourne and Sheppey,Sittingbourne and Sheppey,County,,
Skipton and Ripon,,Yorkshire and the Humber,Skipton and Ripon,Skipton and Ripon,County,,
Sleaford and North Hykeham,,East Midlands,Sleaford and North Hykeham,Sleaford and North Hykeham,County,,
Slough,,South East,Slough,Slough,Borough,,
Smethwick,,West Midlands,Smethwick,Smethwick,Borough,,
Solihull West and Shirley,,West Midlands,Solihull West and Shirley,Solihull West and Shirley,Borough,,
South Antrim,,Northern Ireland,South Antrim,Antrim South,County,,
South Basildon and East Thurrock,,Eastern,South Basildon and East Thurrock,Basildon South and Thurrock East,County,,
South Cambridgeshire,,Eastern,South Cambridgeshire,Cambridgeshire South,County,,
South Cotswolds,,South West,South Cotswolds,Cotswolds South,County,,
South Derbyshire,,East Midlands,South Derbyshire,Derbyshire South,County,,
South Devon,,South West,South Devon,Devon South,County,,
South Dorset,,South West,South Dorset,Dorset South,County,,
South Down,,Northern Ireland,South Down,South Down,County,,
South East Cornwall,,South West,South East Cornwall,Cornwall South East,County,,
South Holland and The Deepings,,East Midlands,South Holland and The Deepings,South Holland and The Deepings,County,,
South Leicestershire,,East Midlands,South Leicestershire,Leicestershire South,County,,
South Norfolk,,Eastern,South Norfolk,Norfolk South,County,,
South Northamptonshire,,East Midlands,South Northamptonshire,Northamptonshire South,County,,
South Ribble,,North West,South Ribble,South Ribble,County,,
South Shields,,North East,South Shields,South Shields,Borough,,
South Shropshire,,West Midlands,South Shropshire,Shropshire South,County,,
South Suffolk,,Eastern,South Suffolk,Suffolk South,County,,
South West Devon,,South West,South West Devon,Devon South West,County,,
South West Hertfordshire,,Eastern,South West Hertfordshire,Hertfordshire South West,County,,
South West Norfolk,,Eastern,South West Norfolk,Norfolk South West,County,,
South West Wiltshire,,South West,South West Wiltshire,Wiltshire South West,County,,
Southampton Itchen,,South East,Southampton Itchen,Southampton Itchen,Borough,,
Southampton Test,,South East,Southampton Test,Southampton Test,Borough,,
Southend East and Rochford,,Eastern,Southend East and Rochford,Southend East and Rochford,County,,
Southend West and Leigh,,Eastern,Southend West and Leigh,Southend West and Leigh,Borough,,
Southgate and Wood Green,,London,Southgate and Wood Green,Southgate and Wood Green,Borough,,
Southport,,North West,Southport,Southport,County,,
Spelthorne,,South East,Spelthorne,Spelthorne,Borough,,
Spen Valley,,Yorkshire and the Humber,Spen Valley,Spen Valley,Borough,,
St Albans,,Eastern,St Albans,St Albans,County,,
St Austell and Newquay,,South West,St Austell and Newquay,St Austell and Newquay,County,,
St Helens North,,North West,St Helens North,St Helens North,County,,
St Helens South and Whiston,,North West,St Helens South and Whiston,St Helens South and Whiston,Borough,,
St Ives,,South West,St Ives,St Ives,County,,
St Neots and Mid Cambridgeshire,,Eastern,St Neots and Mid Cambridgeshire,St Neots and Cambridgeshire Mid,County,,
Stafford,,West Midlands,Stafford,Stafford,County,,
Staffordshire Moorlands,,West Midlands,Staffordshire Moorlands,Staffordshire Moorlands,County,,
Stalybridge and Hyde,,North West,Stalybridge and Hyde,Stalybridge and Hyde,County,,
Stevenage,,Eastern,Stevenage,Stevenage,County,,
Stirling and Strathallan,,Scotland,Stirling and Strathallan,Stirling and Strathallan,County,,
Stockport,,North West,Stockport,Stockport,Borough,,
Stockton North,,North East,Stockton North,Stockton North,County,,
Stockton West,,North East,Stockton West,Stockton West,County,,
Stoke-on-Trent Central,,West Midlands,Stoke-on-Trent Central,Stoke-on-Trent Central,Borough,,
Stoke-on-Trent North,,West Midlands,Stoke-on-Trent North,Stoke-on-Trent North,Borough,,
Stoke-on-Trent South,,West Midlands,Stoke-on-Trent South,Stoke-on-Trent South,County,,
"Stone, Great Wyrley and Penkridge",,West Midlands,"Stone, Great Wyrley and Penkridge","Stone, Great Wyrley and Penkridge",County,,
Stourbridge,,West Midlands,Stourbridge,Stourbridge,Borough,,
Strangford,,Northern Ireland,Strangford,Strangford,County,,
Stratford and Bow,,London,Stratford and Bow,Stratford and Bow,Borough,,
Stratford-on-Avon,,West Midlands,Stratford-on-Avon,Stratford-on-Avon,County,,
Streatham and Croydon North,,London,Streatham and Croydon North,Streatham and Croydon North,Borough,,
Stretford and Urmston,,North West,Stretford and Urmston,Stretford and Urmston,Borough,,
Stroud,,South West,Stroud,Stroud,County,,
Suffolk Coastal,,Eastern,Suffolk Coastal,Suffolk Coastal,County,,
Sunderland Central,,North East,Sunderland Central,Sunderland Central,Borough,,
Surrey Heath,,South East,Surrey Heath,Surrey Heath,County,,
Sussex Weald,,South East,Sussex Weald,Sussex Weald,County,,
Sutton and Cheam,,London,Sutton and Cheam,Sutton and Cheam,Borough,,
Sutton Coldfield,,West Midlands,Sutton Coldfield,Sutton Coldfield,Borough,,
Swansea West,,Wales,Swansea West,Swansea West,County,,
Swindon North,,South West,Swindon North,Swindon North,County,,
Swindon South,,South West,Swindon South,Swindon South,Borough,,
Tamworth,,West Midlands,Tamworth,Tamworth,County,,
Tatton,,North West,Tatton,Tatton,County,,
Taunton and Wellington,,South West,Taunton and Wellington,Taunton and Wellington,County,,
Telford,,West Midlands,Telford,Telford,Borough,,
Tewkesbury,,South West,Tewkesbury,Tewkesbury,County,,
The Wrekin,,West Midlands,The Wrekin,"Wrekin, The",County,,
Thirsk and Malton,,Yorkshire and the Humber,Thirsk and Malton,Thirsk and Malton,County,,
Thornbury and Yate,,South West,Thornbury and Yate,Thornbury and Yate,County,,
Thurrock,,Eastern,Thurrock,Thurrock,Borough,,
Tipton and Wednesbury,,West Midlands,Tipton and Wednesbury,Tipton and Wednesbury,Borough,,
Tiverton and Minehead,,South West,Tiverton and Minehead,Tiverton and Minehead,County,,
Tonbridge,,South East,Tonbridge,Tonbridge,County,,
Tooting,,London,Tooting,Tooting,Borough,,
Torbay,,South West,Torbay,Torbay,Borough,,
Torfaen,,Wales,Torfaen,Torfaen,County,,
Torridge and Tavistock,,South West,Torridge and Tavistock,Torridge and Tavistock,County,,
Tottenham,,London,Tottenham,Tottenham,Borough,,
Truro and Falmouth,,South West,Truro and Falmouth,Truro and Falmouth,County,,
Tunbridge Wells,,South East,Tunbridge Wells,Tunbridge Wells,County,,
Twickenham,,London,Twickenham,Twickenham,Borough,,
Tynemouth,,North East,Tynemouth,Tynemouth,Borough,,
Upper Bann,,Northern Ireland,Upper Bann,Upper Bann,County,,
Uxbridge and South Ruislip,,London,Uxbridge and South Ruislip,Uxbridge and South Ruislip,Borough,,
Vale of Glamorgan,,Wales,Vale of Glamorgan,Vale of Glamorgan,County,,
Vauxhall and Camberwell Green,,London,Vauxhall and Camberwell Green,Vauxhall and Camberwell Green,Borough,,
Wakefield and Rothwell,,Yorkshire and the Humber,Wakefield and Rothwell,Wakefield and Rothwell,Borough,,
Wallasey,,North West,Wallasey,Wallasey,Borough,,
Walsall and Bloxwich,,West Midlands,Walsall and Bloxwich,Walsall and Bloxwich,Borough,,
Walthamstow,,London,Walthamstow,Walthamstow,Borough,,
Warrington North,,North West,Warrington North,Warrington North,County,,
Warrington South,,North West,Warrington South,Warrington South,County,,
Warwick and Leamington,,West Midlands,Warwick and Leamington,Warwick and Leamington,County,,
Washington and Gateshead South,,North East,Washington and Gateshead South,Washington and Gateshead South,Borough,,
Watford,,Eastern,Watford,Watford,Borough,,
Waveney Valley,,Eastern,Waveney Valley,Waveney Valley,County,,
Weald of Kent,,South East,Weald of Kent,"Kent, Weald of",County,,
Wellingborough and Rushden,,East Midlands,Wellingborough and Rushden,Wellingborough and Rushden,County,,
Wells and Mendip Hills,,South West,Wells and Mendip Hills,Wells and Mendip Hills,County,,
Welwyn Hatfield,,Eastern,Welwyn Hatfield,Welwyn Hatfield,County,,
West Aberdeenshire and Kincardine,,Scotland,West Aberdeenshire and Kincardine,Aberdeenshire West and Kincardine,County,,
West Bromwich,,West Midlands,West Bromwich,West Bromwich,Borough,,
West Dorset,,South West,West Dorset,Dorset West,County,,
West Dunbartonshire,,Scotland,West Dunbartonshire,Dunbartonshire West,County,,
West Ham and Beckton,,London,West Ham and Beckton,West Ham and Beckton,Borough,,
West Lancashire,,North West,West Lancashire,Lancashire West,County,,
West Suffolk,,Eastern,West Suffolk,Suffolk West,County,,
West Tyrone,,Northern Ireland,West Tyrone,Tyrone West,County,,
West Worcestershire,,West Midlands,West Worcestershire,Worcestershire West,County,,
Westmorland and Lonsdale,,North West,Westmorland and Lonsdale,Westmorland and Lonsdale,County,,
Weston-super-Mare,,South West,Weston-super-Mare,Weston-super-Mare,County,,
Wetherby and Easingwold,,Yorkshire and the Humber,Wetherby and Easingwold,Wetherby and Easingwold,County,,
Whitehaven and Workington,,North West,Whitehaven and Workington,Whitehaven and Workington,County,,
Widnes and Halewood,,North West,Widnes and Halewood,Widnes and Halewood,County,,
Wigan,,North West,Wigan,Wigan,County,,
Wimbledon,,London,Wimbledon,Wimbledon,Borough,,
Winchester,,South East,Winchester,Winchester,County,,
Windsor,,South East,Windsor,Windsor,County,,
Wirral West,,North West,Wirral West,Wirral West,County,,
Witham,,Eastern,Witham,Witham,County,,
Witney,,South East,Witney,Witney,County,,
Woking,,South East,Woking,Woking,Borough,,
Wokingham,,South East,Wokingham,Wokingham,County,,
Wolverhampton North East,,West Midlands,Wolverhampton North East,Wolverhampton North East,Borough,,
Wolverhampton South East,,West Midlands,Wolverhampton South East,Wolverhampton South East,Borough,,
Wolverhampton West,,West Midlands,Wolverhampton West,Wolverhampton West,Borough,,
Worcester,,West Midlands,Worcester,Worcester,Borough,,
Worsley and Eccles,,North West,Worsley and Eccles,Worsley and Eccles,County,,
Worthing West,,South East,Worthing West,Worthing West,County,,
Wrexham,,Wales,Wrexham,Wrexham,County,,
Wycombe,,South East,Wycombe,Wycombe,County,,
Wyre Forest,,West Midlands,Wyre Forest,Wyre Forest,County,,
Wythenshawe and Sale East,,North West,Wythenshawe and Sale East,Wythenshawe and Sale East,Borough,,
Yeovil,,South West,Yeovil,Yeovil,County,,
Ynys Mn,,Wales,Ynys Mn,Ynys Mn,County,,
York Central,,Yorkshire and the Humber,York Central,York Central,Borough,,
York Outer,,Yorkshire and the Humber,York Outer,York Outer,County,,
