id,name,geographic_code,english_region_id,country_id,constituency_area_type_id,boundary_set_id,mnis_id,is_geographic_code_issued_by_ons
44,Bexhill and Battle,E14000557,1,2,1,6,3322,t
4,Aberdeen South,S14000002,,5,2,8,20,t
5,Airdrie and Shotts,S14000003,,5,1,8,36,t
11,Angus,S14000004,,5,1,8,59,t
21,Banff and Buchan,S14000007,,5,1,8,110,t
40,"Berwickshire, Roxburgh and Selkirk",S14000008,,5,1,8,216,t
2,Aberconwy,W07000058,,6,1,7,3288,t
6,Aldershot,E14000530,1,2,3,6,3289,t
8,Altrincham and Sale West,E14000532,3,2,3,6,3291,t
9,Alyn and Deeside,W07000043,,6,1,7,3292,t
10,Amber Valley,E14000533,4,2,1,6,3293,t
12,Arfon,W07000057,,6,1,7,3294,t
15,Ashfield,E14000535,4,2,1,6,3296,t
16,Ashford,E14000536,1,2,1,6,3297,t
18,Aylesbury,E14000538,1,2,1,6,3299,t
20,Banbury,E14000539,1,2,1,6,3300,t
23,Barnsley Central,E14000541,6,2,3,6,3302,t
25,Barrow and Furness,E14000543,3,2,1,6,3304,t
27,Basingstoke,E14000545,1,2,3,6,3306,t
28,Bassetlaw,E14000546,4,2,1,6,3307,t
29,Bath,E14000547,8,2,3,6,3308,t
30,Batley and Spen,E14000548,6,2,3,6,3309,t
31,Battersea,E14000549,5,2,3,6,3310,t
33,Beckenham,E14000551,5,2,3,6,3312,t
34,Bedford,E14000552,7,2,3,6,3313,t
36,Belfast North,N06000002,,4,3,5,3315,t
38,Belfast West,N06000004,,4,3,5,3317,t
39,Bermondsey and Old Southwark,E14000553,5,2,3,6,3318,t
41,Berwick-upon-Tweed,E14000554,9,2,1,6,3319,t
45,Bexleyheath and Crayford,E14000558,5,2,3,6,3323,t
46,Birkenhead,E14000559,3,2,3,6,3324,t
47,"Birmingham, Edgbaston",E14000560,2,2,3,6,3325,t
49,"Birmingham, Hall Green",E14000562,2,2,3,6,3327,t
50,"Birmingham, Hodge Hill",E14000563,2,2,3,6,3328,t
51,"Birmingham, Ladywood",E14000564,2,2,3,6,3329,t
52,"Birmingham, Northfield",E14000565,2,2,3,6,3330,t
55,"Birmingham, Yardley",E14000568,2,2,3,6,3333,t
56,Bishop Auckland,E14000569,9,2,1,6,3334,t
57,Blackburn,E14000570,3,2,3,6,3335,t
58,Blackley and Broughton,E14000571,3,2,3,6,3336,t
60,Blackpool South,E14000573,3,2,3,6,3338,t
61,Blaenau Gwent,W07000072,,6,1,7,3339,t
62,Blaydon,E14000574,9,2,3,6,3340,t
63,Blyth Valley,E14000575,9,2,3,6,3341,t
65,Bolsover,E14000577,4,2,1,6,3343,t
67,Bolton South East,E14000579,3,2,3,6,3345,t
68,Bolton West,E14000580,3,2,1,6,3346,t
69,Bootle,E14000581,3,2,3,6,3347,t
71,Bosworth,E14000583,4,2,1,6,3349,t
72,Bournemouth East,E14000584,8,2,3,6,3350,t
73,Bournemouth West,E14000585,8,2,3,6,3351,t
74,Bracknell,E14000586,1,2,1,6,3352,t
75,Bradford East,E14000587,6,2,3,6,3353,t
77,Bradford West,E14000589,6,2,3,6,3355,t
78,Braintree,E14000590,7,2,1,6,3356,t
79,Brecon and Radnorshire,W07000068,,6,1,7,3357,t
82,Brentford and Isleworth,E14000593,5,2,3,6,3360,t
83,Brentwood and Ongar,E14000594,7,2,1,6,3361,t
84,Bridgend,W07000073,,6,1,7,3362,t
86,Brigg and Goole,E14000596,6,2,1,6,3364,t
87,"Brighton, Kemptown",E14000597,1,2,3,6,3365,t
89,Bristol East,E14000599,8,2,3,6,3367,t
90,Bristol North West,E14000600,8,2,3,6,3368,t
91,Bristol South,E14000601,8,2,3,6,3369,t
93,Broadland,E14000603,7,2,1,6,3371,t
94,Bromley and Chislehurst,E14000604,5,2,3,6,3372,t
95,Bromsgrove,E14000605,2,2,1,6,3373,t
96,Broxbourne,E14000606,7,2,3,6,3374,t
99,Burnley,E14000609,3,2,3,6,3377,t
100,Burton,E14000610,2,2,1,6,3378,t
101,Bury North,E14000611,3,2,3,6,3379,t
102,Bury South,E14000612,3,2,3,6,3380,t
104,Caerphilly,W07000076,,6,1,7,3382,t
106,Calder Valley,E14000614,6,2,1,6,3383,t
107,Camberwell and Peckham,E14000615,5,2,3,6,3384,t
109,Cambridge,E14000617,7,2,3,6,3386,t
110,Cannock Chase,E14000618,2,2,1,6,3387,t
111,Canterbury,E14000619,1,2,1,6,3388,t
112,Cardiff Central,W07000050,,6,3,7,3389,t
115,Cardiff West,W07000079,,6,3,7,3392,t
116,Carlisle,E14000620,3,2,1,6,3393,t
118,Carmarthen West and South Pembrokeshire,W07000066,,6,1,7,3395,t
119,Carshalton and Wallington,E14000621,5,2,3,6,3396,t
141,City of Durham,E14000641,9,2,1,6,3417,t
142,Clacton,E14000642,7,2,1,6,3418,t
231,Foyle,N06000008,,4,1,5,3490,t
146,"Coatbridge, Chryston and Bellshill",S14000011,,5,2,8,728,t
160,"Cumbernauld, Kilsyth and Kirkintilloch East",S14000012,,5,1,8,804,t
180,Dumfries and Galloway,S14000013,,5,1,8,911,t
182,Dundee East,S14000015,,5,2,8,922,t
183,Dundee West,S14000016,,5,2,8,927,t
184,Dunfermline and West Fife,S14000017,,5,1,8,929,t
192,East Dunbartonshire,S14000018,,5,1,8,965,t
197,East Lothian,S14000020,,5,1,8,991,t
198,East Renfrewshire,S14000021,,5,1,8,994,t
205,Edinburgh East,S14000022,,5,2,8,1035,t
206,Edinburgh North and Leith,S14000023,,5,2,8,1041,t
207,Edinburgh South,S14000024,,5,2,8,1047,t
208,Edinburgh South West,S14000025,,5,2,8,1048,t
222,Falkirk,S14000028,,5,1,8,1115,t
238,Glasgow Central,S14000029,,5,2,8,1203,t
239,Glasgow East,S14000030,,5,2,8,1204,t
122,Central Devon,E14000623,8,2,1,6,3398,t
124,Ceredigion,W07000064,,6,1,7,3400,t
125,Charnwood,E14000625,4,2,1,6,3401,t
126,Chatham and Aylesford,E14000626,1,2,1,6,3402,t
127,Cheadle,E14000627,3,2,3,6,3403,t
130,Cheltenham,E14000630,8,2,3,6,3406,t
131,Chesham and Amersham,E14000631,1,2,1,6,3407,t
132,Chesterfield,E14000632,4,2,3,6,3408,t
133,Chichester,E14000633,1,2,1,6,3409,t
136,Chipping Barnet,E14000636,5,2,3,6,3412,t
137,Chorley,E14000637,3,2,1,6,3413,t
138,Christchurch,E14000638,8,2,1,6,3414,t
143,Cleethorpes,E14000643,6,2,1,6,3419,t
144,Clwyd South,W07000062,,6,1,7,3420,t
145,Clwyd West,W07000059,,6,1,7,3421,t
147,Colchester,E14000644,7,2,3,6,3422,t
149,Congleton,E14000646,3,2,1,6,3424,t
150,Copeland,E14000647,3,2,1,6,3425,t
152,Coventry North East,E14000649,2,2,3,6,3427,t
154,Coventry South,E14000651,2,2,3,6,3429,t
155,Crawley,E14000652,1,2,3,6,3430,t
156,Crewe and Nantwich,E14000653,3,2,1,6,3431,t
157,Croydon Central,E14000654,5,2,3,6,3432,t
159,Croydon South,E14000656,5,2,3,6,3434,t
162,Dagenham and Rainham,E14000657,5,2,3,6,3436,t
163,Darlington,E14000658,9,2,3,6,3437,t
164,Dartford,E14000659,1,2,1,6,3438,t
166,Delyn,W07000042,,6,1,7,3440,t
168,Derby North,E14000662,4,2,3,6,3442,t
169,Derby South,E14000663,4,2,3,6,3443,t
171,Devizes,E14000665,8,2,1,6,3445,t
172,Dewsbury,E14000666,6,2,1,6,3446,t
173,Don Valley,E14000667,6,2,1,6,3447,t
174,Doncaster Central,E14000668,6,2,3,6,3448,t
176,Dover,E14000670,1,2,1,6,3450,t
177,Dudley North,E14000671,2,2,3,6,3451,t
179,Dulwich and West Norwood,E14000673,5,2,3,6,3453,t
186,Ealing Central and Acton,E14000674,5,2,3,6,3455,t
187,Ealing North,E14000675,5,2,3,6,3456,t
188,"Ealing, Southall",E14000676,5,2,3,6,3457,t
189,Easington,E14000677,9,2,1,6,3458,t
193,East Ham,E14000679,5,2,3,6,3461,t
194,East Hampshire,E14000680,1,2,1,6,3462,t
196,East Londonderry,N06000006,,4,1,5,3463,t
201,East Yorkshire,E14000683,6,2,1,6,3466,t
202,Eastbourne,E14000684,1,2,3,6,3467,t
203,Eastleigh,E14000685,1,2,3,6,3468,t
204,Eddisbury,E14000686,3,2,1,6,3469,t
212,Elmet and Rothwell,E14000689,6,2,1,6,3472,t
213,Eltham,E14000690,5,2,3,6,3473,t
214,Enfield North,E14000691,5,2,3,6,3474,t
216,Epping Forest,E14000693,7,2,1,6,3476,t
217,Epsom and Ewell,E14000694,1,2,3,6,3477,t
218,Erewash,E14000695,4,2,1,6,3478,t
221,Exeter,E14000698,8,2,3,6,3481,t
223,Fareham,E14000699,1,2,1,6,3482,t
224,Faversham and Mid Kent,E14000700,1,2,1,6,3483,t
226,Fermanagh and South Tyrone,N06000007,,4,1,5,3485,t
228,Finchley and Golders Green,E14000703,5,2,3,6,3487,t
229,Folkestone and Hythe,E14000704,1,2,1,6,3488,t
230,Forest of Dean,E14000705,8,2,1,6,3489,t
232,Fylde,E14000706,3,2,1,6,3491,t
235,Gateshead,E14000709,9,2,3,6,3494,t
236,Gedling,E14000710,4,2,1,6,3495,t
237,Gillingham and Rainham,E14000711,1,2,3,6,3496,t
241,Glasgow North East,S14000032,,5,2,8,1206,t
243,Glasgow South,S14000034,,5,2,8,1208,t
244,Glasgow South West,S14000035,,5,2,8,1209,t
247,Gordon,S14000037,,5,1,8,1284,t
298,"Inverness, Nairn, Badenoch and Strathspey",S14000039,,5,1,8,1561,t
309,Kilmarnock and Loudoun,S14000040,,5,1,8,1624,t
318,Lanark and Hamilton East,S14000042,,5,1,8,1678,t
341,Livingston,S14000044,,5,1,8,1826,t
246,Gloucester,E14000712,8,2,3,6,3497,t
248,Gosport,E14000713,1,2,3,6,3498,t
249,Gower,W07000046,,6,1,7,3499,t
251,Gravesham,E14000715,1,2,1,6,3501,t
252,Great Grimsby,E14000716,6,2,3,6,3502,t
254,Greenwich and Woolwich,E14000718,5,2,3,6,3504,t
255,Guildford,E14000719,1,2,1,6,3505,t
257,Hackney South and Shoreditch,E14000721,5,2,3,6,3507,t
258,Halesowen and Rowley Regis,E14000722,2,2,3,6,3508,t
259,Halifax,E14000723,6,2,3,6,3509,t
261,Halton,E14000725,3,2,1,6,3511,t
262,Hammersmith,E14000726,5,2,3,6,3512,t
263,Hampstead and Kilburn,E14000727,5,2,3,6,3513,t
265,Harlow,E14000729,7,2,1,6,3515,t
267,Harrow East,E14000731,5,2,3,6,3517,t
268,Harrow West,E14000732,5,2,3,6,3518,t
269,Hartlepool,E14000733,9,2,3,6,3519,t
270,Harwich and North Essex,E14000734,7,2,1,6,3520,t
271,Hastings and Rye,E14000735,1,2,1,6,3521,t
274,Hazel Grove,E14000738,3,2,1,6,3524,t
275,Hemel Hempstead,E14000739,7,2,1,6,3525,t
276,Hemsworth,E14000740,6,2,1,6,3526,t
277,Hendon,E14000741,5,2,3,6,3527,t
279,Hereford and South Herefordshire,E14000743,2,2,1,6,3529,t
280,Hertford and Stortford,E14000744,7,2,1,6,3530,t
281,Hertsmere,E14000745,7,2,1,6,3531,t
283,Heywood and Middleton,E14000747,3,2,1,6,3533,t
284,High Peak,E14000748,4,2,1,6,3534,t
287,Hornchurch and Upminster,E14000751,5,2,3,6,3537,t
288,Hornsey and Wood Green,E14000752,5,2,3,6,3538,t
289,Horsham,E14000753,1,2,1,6,3539,t
290,Houghton and Sunderland South,E14000754,9,2,3,6,3540,t
291,Hove,E14000755,1,2,3,6,3541,t
293,Huntingdon,E14000757,7,2,1,6,3543,t
294,Hyndburn,E14000758,3,2,3,6,3544,t
295,Ilford North,E14000759,5,2,3,6,3545,t
299,Ipswich,E14000761,7,2,3,6,3547,t
301,Islington North,E14000763,5,2,3,6,3549,t
302,Islington South and Finsbury,E14000764,5,2,3,6,3550,t
303,Islwyn,W07000077,,6,1,7,3551,t
305,Keighley,E14000766,6,2,1,6,3553,t
307,Kensington,E14000768,5,2,3,6,3555,t
308,Kettering,E14000769,4,2,1,6,3556,t
311,Kingston upon Hull East,E14000771,6,2,3,6,3558,t
312,Kingston upon Hull North,E14000772,6,2,3,6,3559,t
314,Kingswood,E14000774,8,2,3,6,3561,t
316,Knowsley,E14000775,3,2,3,6,3562,t
319,Lancaster and Fleetwood,E14000776,3,2,1,6,3564,t
320,Leeds Central,E14000777,6,2,3,6,3565,t
321,Leeds East,E14000778,6,2,3,6,3566,t
323,Leeds North West,E14000780,6,2,3,6,3568,t
324,Leeds West,E14000781,6,2,3,6,3569,t
325,Leicester East,E14000782,4,2,3,6,3570,t
326,Leicester South,E14000783,4,2,3,6,3571,t
328,Leigh,E14000785,3,2,1,6,3573,t
329,Lewes,E14000786,1,2,1,6,3574,t
331,Lewisham West and Penge,E14000788,5,2,3,6,3576,t
333,Leyton and Wanstead,E14000790,5,2,1,6,3578,t
334,Lichfield,E14000791,2,2,1,6,3579,t
335,Lincoln,E14000792,4,2,3,6,3580,t
338,"Liverpool, Walton",E14000794,3,2,3,6,3582,t
340,"Liverpool, West Derby",E14000796,3,2,3,6,3584,t
342,Llanelli,W07000045,,6,1,7,3585,t
343,Loughborough,E14000797,4,2,1,6,3586,t
344,Louth and Horncastle,E14000798,4,2,1,6,3587,t
345,Ludlow,E14000799,2,2,1,6,3588,t
348,Macclesfield,E14000802,3,2,1,6,3591,t
349,Maidenhead,E14000803,1,2,1,6,3592,t
350,Maidstone and The Weald,E14000804,1,2,1,6,3593,t
352,Maldon,E14000806,7,2,1,6,3595,t
353,Manchester Central,E14000807,3,2,3,6,3596,t
355,"Manchester, Withington",E14000809,3,2,3,6,3598,t
356,Mansfield,E14000810,4,2,1,6,3599,t
358,Meriden,E14000812,2,2,1,6,3601,t
359,Merthyr Tydfil and Rhymney,W07000071,,6,1,7,3602,t
389,Newcastle-under-Lyme,E14000834,2,2,3,6,3628,t
390,Newport East,W07000055,,6,1,7,3629,t
369,Midlothian,S14000045,,5,1,8,1977,t
376,Moray,S14000046,,5,1,8,2004,t
379,Motherwell and Wishaw,S14000047,,5,2,8,2022,t
396,North Ayrshire and Arran,S14000048,,5,1,8,2104,t
431,Ochil and South Perthshire,S14000050,,5,1,8,2234,t
436,Orkney and Shetland,S14000051,,5,1,8,2256,t
440,Paisley and Renfrewshire North,S14000052,,5,1,8,2285,t
473,"Ross, Skye and Lochaber",S14000055,,5,1,8,2456,t
360,Mid Bedfordshire,E14000813,7,2,1,6,3603,t
361,Mid Derbyshire,E14000814,4,2,1,6,3604,t
362,Mid Dorset and North Poole,E14000815,8,2,1,6,3605,t
363,Mid Norfolk,E14000816,7,2,1,6,3606,t
365,Mid Ulster,N06000010,,4,1,5,3608,t
367,Middlesbrough,E14000819,9,2,3,6,3610,t
368,Middlesbrough South and East Cleveland,E14000820,9,2,1,6,3611,t
371,Milton Keynes South,E14000822,1,2,3,6,3613,t
372,Mitcham and Morden,E14000823,5,2,3,6,3614,t
373,Mole Valley,E14000824,1,2,1,6,3615,t
374,Monmouth,W07000054,,6,1,7,3616,t
378,Morley and Outwood,E14000826,6,2,1,6,3619,t
381,Neath,W07000069,,6,1,7,3620,t
382,New Forest East,E14000827,1,2,1,6,3621,t
383,New Forest West,E14000828,1,2,1,6,3622,t
384,Newark,E14000829,4,2,1,6,3623,t
387,Newcastle upon Tyne East,E14000832,9,2,3,6,3626,t
391,Newport West,W07000056,,6,1,7,3630,t
392,Newry and Armagh,N06000011,,4,1,5,3631,t
394,"Normanton, Pontefract and Castleford",E14000836,6,2,1,6,3633,t
395,North Antrim,N06000012,,4,1,5,3634,t
397,North Cornwall,E14000837,8,2,1,6,3635,t
400,North Down,N06000013,,4,1,5,3638,t
401,North Durham,E14000840,9,2,1,6,3639,t
402,North East Bedfordshire,E14000841,7,2,1,6,3640,t
404,North East Derbyshire,E14000843,4,2,1,6,3642,t
407,North East Hertfordshire,E14000845,7,2,1,6,3644,t
408,North East Somerset,E14000846,8,2,1,6,3645,t
409,North Herefordshire,E14000847,2,2,1,6,3646,t
410,North Norfolk,E14000848,7,2,1,6,3647,t
412,North Somerset,E14000850,8,2,1,6,3649,t
413,North Swindon,E14000851,8,2,1,6,3650,t
414,North Thanet,E14000852,1,2,1,6,3651,t
417,North West Cambridgeshire,E14000855,7,2,1,6,3654,t
418,North West Durham,E14000856,9,2,1,6,3655,t
419,North West Hampshire,E14000857,1,2,1,6,3656,t
420,North West Leicestershire,E14000858,4,2,1,6,3657,t
422,North Wiltshire,E14000860,8,2,1,6,3659,t
423,Northampton North,E14000861,4,2,3,6,3660,t
424,Northampton South,E14000862,4,2,3,6,3661,t
425,Norwich North,E14000863,7,2,3,6,3662,t
427,Nottingham East,E14000865,4,2,3,6,3664,t
429,Nottingham South,E14000867,4,2,3,6,3666,t
430,Nuneaton,E14000868,2,2,1,6,3667,t
432,Ogmore,W07000074,,6,1,7,3668,t
434,Oldham East and Saddleworth,E14000870,3,2,1,6,3670,t
435,Oldham West and Royton,E14000871,3,2,3,6,3671,t
437,Orpington,E14000872,5,2,3,6,3672,t
438,Oxford East,E14000873,1,2,3,6,3673,t
443,Penistone and Stocksbridge,E14000876,6,2,1,6,3676,t
444,Penrith and The Border,E14000877,3,2,1,6,3677,t
446,Peterborough,E14000878,7,2,3,6,3678,t
449,Pontypridd,W07000075,,6,1,7,3681,t
450,Poole,E14000881,8,2,3,6,3682,t
451,Poplar and Limehouse,E14000882,5,2,3,6,3683,t
452,Portsmouth North,E14000883,1,2,3,6,3684,t
454,Preseli Pembrokeshire,W07000065,,6,1,7,3686,t
455,Preston,E14000885,3,2,3,6,3687,t
456,Pudsey,E14000886,6,2,3,6,3688,t
457,Putney,E14000887,5,2,3,6,3689,t
459,Reading East,E14000889,1,2,3,6,3691,t
460,Reading West,E14000890,1,2,1,6,3692,t
461,Redcar,E14000891,9,2,3,6,3693,t
462,Redditch,E14000892,2,2,1,6,3694,t
464,Rhondda,W07000052,,6,1,7,3696,t
466,Richmond (Yorks),E14000895,6,2,1,6,3698,t
467,Richmond Park,E14000896,5,2,3,6,3699,t
469,Rochester and Strood,E14000898,1,2,1,6,3701,t
470,Rochford and Southend East,E14000899,7,2,1,6,3702,t
471,Romford,E14000900,5,2,3,6,3703,t
475,Rother Valley,E14000903,6,2,1,6,3706,t
555,Streatham,E14000978,5,2,3,6,3784,t
557,Stroud,E14000980,8,2,1,6,3786,t
3,Aberdeen North,S14000001,,5,2,8,14,t
13,Argyll and Bute,S14000005,,5,1,8,67,t
544,Stirling,S14000057,,5,1,8,2784,t
1,Aberavon,W07000049,,6,1,7,3287,t
24,Barnsley East,E14000542,6,2,1,6,3303,t
35,Belfast East,N06000001,,4,3,5,3314,t
43,Beverley and Holderness,E14000556,6,2,1,6,3321,t
64,Bognor Regis and Littlehampton,E14000576,1,2,1,6,3342,t
81,Brent North,E14000592,5,2,3,6,3359,t
88,"Brighton, Pavilion",E14000598,1,2,3,6,3366,t
97,Broxtowe,E14000607,4,2,1,6,3375,t
113,Cardiff North,W07000051,,6,3,7,3390,t
129,Chelsea and Fulham,E14000629,5,2,3,6,3405,t
134,Chingford and Woodford Green,E14000634,5,2,1,6,3410,t
151,Corby,E14000648,4,2,1,6,3426,t
476,Rotherham,E14000904,6,2,3,6,3707,t
478,"Ruislip, Northwood and Pinner",E14000906,5,2,3,6,3709,t
479,Runnymede and Weybridge,E14000907,1,2,1,6,3710,t
480,Rushcliffe,E14000908,4,2,1,6,3711,t
483,Saffron Walden,E14000910,7,2,1,6,3713,t
484,Salford and Eccles,E14000911,3,2,3,6,3714,t
485,Salisbury,E14000912,8,2,1,6,3715,t
487,Scunthorpe,E14000914,6,2,1,6,3717,t
488,Sedgefield,E14000915,9,2,1,6,3718,t
489,Sefton Central,E14000916,3,2,1,6,3719,t
490,Selby and Ainsty,E14000917,6,2,1,6,3720,t
491,Sevenoaks,E14000918,1,2,1,6,3721,t
493,Sheffield South East,E14000920,6,2,3,6,3723,t
495,"Sheffield, Hallam",E14000922,6,2,1,6,3725,t
496,"Sheffield, Heeley",E14000923,6,2,3,6,3726,t
497,Sherwood,E14000924,4,2,1,6,3727,t
499,Shrewsbury and Atcham,E14000926,2,2,1,6,3729,t
500,Sittingbourne and Sheppey,E14000927,1,2,1,6,3730,t
502,Sleaford and North Hykeham,E14000929,4,2,1,6,3732,t
503,Slough,E14000930,1,2,3,6,3733,t
504,Solihull,E14000931,2,2,3,6,3734,t
505,Somerton and Frome,E14000932,8,2,1,6,3735,t
507,South Basildon and East Thurrock,E14000933,7,2,1,6,3737,t
508,South Cambridgeshire,E14000934,7,2,1,6,3738,t
509,South Derbyshire,E14000935,4,2,1,6,3739,t
511,South Down,N06000015,,4,1,5,3741,t
512,South East Cambridgeshire,E14000937,7,2,1,6,3742,t
513,South East Cornwall,E14000938,8,2,1,6,3743,t
515,South Leicestershire,E14000940,4,2,1,6,3745,t
516,South Norfolk,E14000941,7,2,1,6,3746,t
517,South Northamptonshire,E14000942,4,2,1,6,3747,t
518,South Ribble,E14000943,3,2,1,6,3748,t
520,South Staffordshire,E14000945,2,2,1,6,3750,t
522,South Swindon,E14000947,8,2,1,6,3752,t
523,South Thanet,E14000948,1,2,1,6,3753,t
524,South West Bedfordshire,E14000949,7,2,1,6,3754,t
525,South West Devon,E14000950,8,2,1,6,3755,t
528,South West Surrey,E14000953,1,2,1,6,3758,t
529,South West Wiltshire,E14000954,8,2,1,6,3759,t
530,"Southampton, Itchen",E14000955,1,2,3,6,3760,t
531,"Southampton, Test",E14000956,1,2,3,6,3761,t
533,Southport,E14000958,3,2,3,6,3763,t
534,Spelthorne,E14000959,1,2,3,6,3764,t
535,St Albans,E14000960,7,2,1,6,3765,t
538,St Helens South and Whiston,E14000963,3,2,3,6,3768,t
539,St Ives,E14000964,8,2,1,6,3769,t
540,Stafford,E14000965,2,2,1,6,3770,t
541,Staffordshire Moorlands,E14000966,2,2,1,6,3771,t
543,Stevenage,E14000968,7,2,1,6,3773,t
545,Stockport,E14000969,3,2,3,6,3774,t
546,Stockton North,E14000970,9,2,3,6,3775,t
547,Stockton South,E14000971,9,2,3,6,3776,t
552,Stourbridge,E14000976,2,2,3,6,3781,t
553,Strangford,N06000016,,4,1,5,3782,t
554,Stratford-on-Avon,E14000977,2,2,1,6,3783,t
559,Sunderland Central,E14000982,9,2,3,6,3788,t
560,Surrey Heath,E14000983,1,2,1,6,3789,t
562,Sutton Coldfield,E14000985,2,2,3,6,3791,t
563,Swansea East,W07000048,,6,3,7,3792,t
565,Tamworth,E14000986,2,2,1,6,3794,t
566,Tatton,E14000987,3,2,1,6,3795,t
567,Taunton Deane,E14000988,8,2,1,6,3796,t
569,Tewkesbury,E14000990,8,2,1,6,3798,t
570,The Cotswolds,E14000991,8,2,1,6,3799,t
571,The Wrekin,E14000992,2,2,1,6,3800,t
574,Thurrock,E14000995,7,2,3,6,3803,t
591,Vauxhall,E14001008,5,2,3,6,3820,t
242,Glasgow North West,S14000033,,5,2,8,1207,t
297,Inverclyde,S14000038,,5,1,8,1555,t
336,Linlithgow and East Falkirk,S14000043,,5,1,8,1782,t
481,Rutherglen and Hamilton West,S14000056,,5,2,8,2501,t
612,West Aberdeenshire and Kincardine,S14000058,,5,1,8,3096,t
158,Croydon North,E14000655,5,2,3,6,3433,t
167,Denton and Reddish,E14000661,3,2,3,6,3441,t
191,East Devon,E14000678,8,2,1,6,3460,t
200,East Worthing and Shoreham,E14000682,1,2,1,6,3465,t
211,Ellesmere Port and Neston,E14000688,3,2,1,6,3471,t
220,Esher and Walton,E14000697,1,2,3,6,3480,t
233,Gainsborough,E14000707,4,2,1,6,3492,t
253,Great Yarmouth,E14000717,7,2,1,6,3503,t
264,Harborough,E14000728,4,2,1,6,3514,t
286,Holborn and St Pancras,E14000750,5,2,3,6,3536,t
306,Kenilworth and Southam,E14000767,2,2,1,6,3554,t
313,Kingston upon Hull West and Hessle,E14000773,6,2,3,6,3560,t
330,Lewisham East,E14000787,5,2,3,6,3575,t
347,Luton South,E14000801,7,2,3,6,3590,t
354,"Manchester, Gorton",E14000808,3,2,3,6,3597,t
366,Mid Worcestershire,E14000818,2,2,1,6,3609,t
375,Montgomeryshire,W07000063,,6,1,7,3617,t
399,North Dorset,E14000839,8,2,1,6,3637,t
416,North Warwickshire,E14000854,2,2,1,6,3653,t
428,Nottingham North,E14000866,4,2,3,6,3665,t
439,Oxford West and Abingdon,E14000874,1,2,1,6,3674,t
465,Ribble Valley,E14000894,3,2,1,6,3697,t
472,Romsey and Southampton North,E14000901,1,2,1,6,3704,t
494,"Sheffield, Brightside and Hillsborough",E14000921,6,2,3,6,3724,t
575,Tiverton and Honiton,E14000996,8,2,1,6,3804,t
576,Tonbridge and Malling,E14000997,1,2,1,6,3805,t
578,Torbay,E14000999,8,2,3,6,3807,t
579,Torfaen,W07000053,,6,1,7,3808,t
581,Totnes,E14001001,8,2,1,6,3810,t
582,Tottenham,E14001002,5,2,3,6,3811,t
584,Tunbridge Wells,E14001004,1,2,1,6,3813,t
585,Twickenham,E14001005,5,2,3,6,3814,t
586,Tynemouth,E14001006,9,2,3,6,3815,t
587,Upper Bann,N06000017,,4,1,5,3816,t
589,Vale of Clwyd,W07000060,,6,1,7,3818,t
592,Wakefield,E14001009,6,2,1,6,3821,t
593,Wallasey,E14001010,3,2,3,6,3822,t
595,Walsall South,E14001012,2,2,3,6,3824,t
597,Wansbeck,E14001014,9,2,1,6,3826,t
598,Wantage,E14001015,1,2,1,6,3827,t
599,Warley,E14001016,2,2,3,6,3828,t
601,Warrington South,E14001018,3,2,3,6,3830,t
602,Warwick and Leamington,E14001019,2,2,3,6,3831,t
604,Watford,E14001021,7,2,3,6,3833,t
605,Waveney,E14001022,7,2,1,6,3834,t
607,Weaver Vale,E14001024,3,2,1,6,3836,t
608,Wellingborough,E14001025,4,2,1,6,3837,t
609,Wells,E14001026,8,2,1,6,3838,t
611,Wentworth and Dearne,E14001028,6,2,1,6,3840,t
613,West Bromwich East,E14001029,2,2,3,6,3841,t
614,West Bromwich West,E14001030,2,2,3,6,3842,t
615,West Dorset,E14001031,8,2,1,6,3843,t
618,West Lancashire,E14001033,3,2,1,6,3845,t
619,West Suffolk,E14001034,7,2,1,6,3846,t
620,West Tyrone,N06000018,,4,1,5,3847,t
622,Westminster North,E14001036,5,2,3,6,3849,t
623,Westmorland and Lonsdale,E14001037,3,2,1,6,3850,t
624,Weston-Super-Mare,E14001038,8,2,1,6,3851,t
625,Wigan,E14001039,3,2,1,6,3852,t
627,Winchester,E14001041,1,2,1,6,3854,t
628,Windsor,E14001042,1,2,1,6,3855,t
630,Wirral West,E14001044,3,2,1,6,3857,t
632,Witney,E14001046,1,2,1,6,3859,t
633,Woking,E14001047,1,2,1,6,3860,t
634,Wokingham,E14001048,1,2,1,6,3861,t
636,Wolverhampton South East,E14001050,2,2,3,6,3863,t
637,Wolverhampton South West,E14001051,2,2,3,6,3864,t
638,Worcester,E14001052,2,2,3,6,3865,t
639,Workington,E14001053,3,2,1,6,3866,t
642,Wrexham,W07000044,,6,1,7,3869,t
643,Wycombe,E14001056,1,2,1,6,3870,t
644,Wyre and Preston North,E14001057,3,2,1,6,3871,t
645,Wyre Forest,E14001058,2,2,1,6,3872,t
647,Yeovil,E14001060,8,2,1,6,3874,t
648,Ynys Môn,W07000041,,6,1,7,3875,t
649,York Central,E14001061,6,2,3,6,3876,t
650,York Outer,E14001062,6,2,1,6,3877,t
519,South Shields,E14000944,9,2,3,6,3749,t
526,South West Hertfordshire,E14000951,7,2,1,6,3756,t
536,St Austell and Newquay,E14000961,8,2,1,6,3766,t
561,Sutton and Cheam,E14000984,5,2,3,6,3790,t
572,Thirsk and Malton,E14000993,6,2,1,6,3801,t
580,Torridge and West Devon,E14001000,8,2,1,6,3809,t
594,Walsall North,E14001011,2,2,3,6,3823,t
629,Wirral South,E14001043,3,2,1,6,3856,t
640,Worsley and Eccles South,E14001054,3,2,1,6,3867,t
656,Aldershot,E14001063,1,2,3,1,3878,t
657,Aldridge-Brownhills,E14001064,2,2,3,1,3879,t
659,Altrincham and Sale West,E14001065,3,2,3,1,3880,t
665,Arundel and South Downs,E14001067,1,2,1,1,3882,t
666,Ashfield,E14001068,4,2,1,1,3883,t
667,Ashford,E14001069,1,2,1,1,3884,t
668,Ashton-under-Lyne,E14001070,3,2,3,1,3885,t
671,Banbury,E14001072,1,2,1,1,3887,t
673,Barking,E14001073,5,2,3,1,3888,t
674,Barnsley North,E14001074,6,2,1,1,3889,t
676,Barrow and Furness,E14001076,3,2,1,1,3891,t
677,Basildon and Billericay,E14001077,7,2,3,1,3892,t
678,Basingstoke,E14001078,1,2,3,1,3893,t
679,Bassetlaw,E14001079,4,2,1,1,3894,t
682,Battersea,E14001081,5,2,3,1,3896,t
683,Beaconsfield,E14001082,1,2,1,1,3897,t
685,Bedford,E14001084,7,2,3,1,3899,t
690,Bermondsey and Old Southwark,E14001085,5,2,3,1,3900,t
692,Bethnal Green and Stepney,E14001086,5,2,3,1,3901,t
693,Beverley and Holderness,E14001087,6,2,1,1,3902,t
695,Bexleyheath and Crayford,E14001089,5,2,3,1,3904,t
696,Bicester and Woodstock,E14001090,1,2,1,1,3905,t
697,Birkenhead,E14001091,3,2,3,1,3906,t
698,Birmingham Edgbaston,E14001092,2,2,3,1,3907,t
700,Birmingham Hall Green and Moseley,E14001094,2,2,3,1,3909,t
701,Birmingham Hodge Hill and Solihull North,E14001095,2,2,3,1,3910,t
702,Birmingham Ladywood,E14001096,2,2,3,1,3911,t
703,Birmingham Northfield,E14001097,2,2,3,1,3912,t
705,Birmingham Selly Oak,E14001099,2,2,3,1,3914,t
706,Birmingham Yardley,E14001100,2,2,3,1,3915,t
707,Bishop Auckland,E14001101,9,2,1,1,3916,t
708,Blackburn,E14001102,3,2,3,1,3917,t
710,Blackpool North and Fleetwood,E14001104,3,2,3,1,3919,t
711,Blackpool South,E14001105,3,2,3,1,3920,t
713,Blaydon and Consett,E14001106,9,2,1,1,3921,t
714,Blyth and Ashington,E14001107,9,2,1,1,3922,t
716,Bolsover,E14001109,4,2,1,1,3924,t
717,Bolton North East,E14001110,3,2,3,1,3925,t
718,Bolton South and Walkden,E14001111,3,2,3,1,3926,t
719,Bolton West,E14001112,3,2,1,1,3927,t
720,Bootle,E14001113,3,2,3,1,3928,t
722,Bournemouth East,E14001115,8,2,3,1,3930,t
723,Bournemouth West,E14001116,8,2,3,1,3931,t
724,Bracknell,E14001117,1,2,3,1,3932,t
725,Bradford East,E14001118,6,2,3,1,3933,t
726,Bradford South,E14001119,6,2,3,1,3934,t
728,Braintree,E14001121,7,2,1,1,3936,t
730,Brent East,E14001122,5,2,3,1,3937,t
731,Brent West,E14001123,5,2,3,1,3938,t
733,Brentwood and Ongar,E14001125,7,2,1,1,3940,t
735,Bridgwater,E14001126,8,2,1,1,3941,t
736,Bridlington and The Wolds,E14001127,6,2,1,1,3942,t
737,Brigg and Immingham,E14001128,6,2,1,1,3943,t
739,Brighton Pavilion,E14001130,1,2,3,1,3945,t
740,Bristol Central,E14001131,8,2,3,1,3946,t
741,Bristol East,E14001132,8,2,3,1,3947,t
686,Belfast East,N05000001,,4,3,4,4421,t
687,Belfast North,N05000002,,4,3,4,4422,t
689,Belfast West,N05000004,,4,3,4,4424,t
691,"Berwickshire, Roxburgh and Selkirk",S14000108,,5,1,3,4440,t
652,Aberdeen North,S14000060,,5,2,3,4449,t
653,Aberdeen South,S14000061,,5,2,3,4450,t
655,Airdrie and Shotts,S14000063,,5,1,3,4452,t
658,Alloa and Grangemouth,S14000064,,5,1,3,4453,t
662,Angus and Perthshire Glens,S14000065,,5,1,3,4454,t
663,Arbroath and Broughty Ferry,S14000066,,5,1,3,4455,t
681,Bathgate and Linlithgow,S14000068,,5,1,3,4457,t
651,Aberafan Maesteg,W07000081,,6,1,2,4496,t
660,Alyn and Deeside,W07000082,,6,1,2,4497,t
672,Bangor Aberconwy,W07000083,,6,1,2,4498,t
729,"Brecon, Radnor and Cwm Tawe",W07000085,,6,1,2,4500,t
734,Bridgend,W07000086,,6,1,2,4501,t
744,Bristol South,E14001135,8,2,3,1,3950,t
745,Broadland and Fakenham,E14001136,7,2,1,1,3951,t
746,Bromley and Biggin Hill,E14001137,5,2,3,1,3952,t
747,Bromsgrove,E14001138,2,2,1,1,3953,t
749,Broxtowe,E14001140,4,2,1,1,3955,t
750,Buckingham and Bletchley,E14001141,1,2,1,1,3956,t
751,Burnley,E14001142,3,2,1,1,3957,t
753,Bury North,E14001144,3,2,3,1,3959,t
754,Bury South,E14001145,3,2,3,1,3960,t
755,Bury St Edmunds and Stowmarket,E14001146,7,2,1,1,3961,t
759,Calder Valley,E14001147,6,2,1,1,3962,t
761,Cambridge,E14001149,7,2,3,1,3964,t
762,Cannock Chase,E14001150,2,2,1,1,3965,t
763,Canterbury,E14001151,1,2,1,1,3966,t
768,Carlisle,E14001152,3,2,1,1,3967,t
770,Castle Point,E14001154,7,2,3,1,3969,t
772,Central Devon,E14001155,8,2,1,1,3970,t
773,Central Suffolk and North Ipswich,E14001156,7,2,1,1,3971,t
775,Chatham and Aylesford,E14001157,1,2,1,1,3972,t
776,Cheadle,E14001158,3,2,3,1,3973,t
778,Chelsea and Fulham,E14001160,5,2,3,1,3975,t
779,Cheltenham,E14001161,8,2,3,1,3976,t
780,Chesham and Amersham,E14001162,1,2,1,1,3977,t
782,Chester South and Eddisbury,E14001164,3,2,1,1,3979,t
783,Chesterfield,E14001165,4,2,3,1,3980,t
784,Chichester,E14001166,1,2,1,1,3981,t
786,Chippenham,E14001168,8,2,1,1,3983,t
787,Chipping Barnet,E14001169,5,2,3,1,3984,t
788,Chorley,E14001170,3,2,1,1,3985,t
789,Christchurch,E14001171,8,2,1,1,3986,t
790,Cities of London and Westminster,E14001172,5,2,3,1,3987,t
791,City of Durham,E14001173,9,2,1,1,3988,t
793,Clapham and Brixton Hill,E14001175,5,2,3,1,3990,t
797,Colchester,E14001176,7,2,3,1,3991,t
798,Colne Valley,E14001177,6,2,1,1,3992,t
800,Corby and East Northamptonshire,E14001179,4,2,1,1,3994,t
801,Coventry East,E14001180,2,2,3,1,3995,t
802,Coventry North West,E14001181,2,2,3,1,3996,t
805,Cramlington and Killingworth,E14001183,9,2,1,1,3998,t
806,Crawley,E14001184,1,2,3,1,3999,t
807,Crewe and Nantwich,E14001185,3,2,1,1,4000,t
808,Croydon East,E14001186,5,2,3,1,4001,t
810,Croydon West,E14001188,5,2,3,1,4003,t
812,Dagenham and Rainham,E14001189,5,2,3,1,4004,t
813,Darlington,E14001190,9,2,1,1,4005,t
814,Dartford,E14001191,1,2,1,1,4006,t
816,Derby North,E14001193,4,2,3,1,4008,t
817,Derby South,E14001194,4,2,3,1,4009,t
819,Dewsbury and Batley,E14001196,6,2,3,1,4011,t
820,Didcot and Wantage,E14001197,1,2,1,1,4012,t
821,Doncaster Central,E14001198,6,2,1,1,4013,t
823,Doncaster North,E14001200,6,2,1,1,4015,t
824,Dorking and Horley,E14001201,1,2,1,1,4016,t
825,Dover and Deal,E14001202,1,2,1,1,4017,t
826,Droitwich and Evesham,E14001203,2,2,1,1,4018,t
827,Dudley,E14001204,2,2,3,1,4019,t
833,Dunstable and Leighton Buzzard,E14001206,7,2,1,1,4021,t
835,Ealing Central and Acton,E14001207,5,2,3,1,4022,t
836,Ealing North,E14001208,5,2,3,1,4023,t
837,Ealing Southall,E14001209,5,2,3,1,4024,t
839,Easington,E14001211,9,2,1,1,4026,t
841,East Grinstead and Uckfield,E14001212,1,2,1,1,4027,t
842,East Ham,E14001213,5,2,3,1,4028,t
843,East Hampshire,E14001214,1,2,1,1,4029,t
840,East Antrim,N05000005,,4,1,4,4425,t
846,East Renfrewshire,S14000021,,5,1,3,4442,t
758,"Caithness, Sutherland and Easter Ross",S14000069,,5,1,3,4458,t
796,Coatbridge and Bellshill,S14000070,,5,2,3,4459,t
811,Cumbernauld and Kirkintilloch,S14000072,,5,1,3,4461,t
829,Dumfries and Galloway,S14000073,,5,1,3,4462,t
830,"Dumfriesshire, Clydesdale and Tweeddale",S14000074,,5,1,3,4463,t
831,Dundee Central,S14000075,,5,2,3,4464,t
844,East Kilbride and Strathaven,S14000077,,5,1,3,4466,t
756,Caerfyrddin,W07000087,,6,1,2,4502,t
757,Caerphilly,W07000088,,6,1,2,4503,t
764,Cardiff East,W07000089,,6,3,2,4504,t
765,Cardiff North,W07000090,,6,3,2,4505,t
767,Cardiff West,W07000092,,6,3,2,4507,t
774,Ceredigion Preseli,W07000093,,6,1,2,4508,t
794,Clwyd East,W07000094,,6,1,2,4509,t
795,Clwyd North,W07000095,,6,1,2,4510,t
849,East Wiltshire,E14001217,8,2,1,1,4032,t
850,East Worthing and Shoreham,E14001218,1,2,1,1,4033,t
851,Eastbourne,E14001219,1,2,3,1,4034,t
852,Eastleigh,E14001220,1,2,3,1,4035,t
859,Ellesmere Port and Bromborough,E14001222,3,2,3,1,4037,t
860,Eltham and Chislehurst,E14001223,5,2,3,1,4038,t
861,Ely and East Cambridgeshire,E14001224,7,2,1,1,4039,t
862,Enfield North,E14001225,5,2,3,1,4040,t
864,Epsom and Ewell,E14001227,1,2,3,1,4042,t
865,Erewash,E14001228,4,2,1,1,4043,t
866,Erith and Thamesmead,E14001229,5,2,3,1,4044,t
868,Exeter,E14001231,8,2,3,1,4046,t
869,Exmouth and Exeter East,E14001232,8,2,1,1,4047,t
871,Fareham and Waterlooville,E14001233,1,2,1,1,4048,t
873,Faversham and Mid Kent,E14001235,1,2,1,1,4050,t
874,Feltham and Heston,E14001236,5,2,3,1,4051,t
876,Filton and Bradley Stoke,E14001237,8,2,3,1,4052,t
877,Finchley and Golders Green,E14001238,5,2,3,1,4053,t
879,Forest of Dean,E14001240,8,2,1,1,4055,t
881,Frome and East Somerset,E14001241,8,2,1,1,4056,t
882,Fylde,E14001242,3,2,1,1,4057,t
883,Gainsborough,E14001243,4,2,1,1,4058,t
885,Gedling,E14001245,4,2,1,1,4060,t
886,Gillingham and Rainham,E14001246,1,2,3,1,4061,t
893,Glastonbury and Somerton,E14001247,8,2,1,1,4062,t
895,Gloucester,E14001248,8,2,3,1,4063,t
896,Godalming and Ash,E14001249,1,2,1,1,4064,t
899,Gorton and Denton,E14001251,3,2,3,1,4066,t
900,Gosport,E14001252,1,2,3,1,4067,t
902,Grantham and Bourne,E14001253,4,2,1,1,4068,t
903,Gravesham,E14001254,1,2,1,1,4069,t
905,Great Yarmouth,E14001256,7,2,1,1,4071,t
906,Greenwich and Woolwich,E14001257,5,2,3,1,4072,t
907,Guildford,E14001258,1,2,1,1,4073,t
908,Hackney North and Stoke Newington,E14001259,5,2,3,1,4074,t
910,Halesowen,E14001261,2,2,3,1,4076,t
911,Halifax,E14001262,6,2,3,1,4077,t
912,Hamble Valley,E14001263,1,2,1,1,4078,t
914,Hammersmith and Chiswick,E14001264,5,2,3,1,4079,t
915,Hampstead and Highgate,E14001265,5,2,3,1,4080,t
917,Harlow,E14001267,7,2,1,1,4082,t
918,Harpenden and Berkhamsted,E14001268,7,2,1,1,4083,t
919,Harrogate and Knaresborough,E14001269,6,2,1,1,4084,t
920,Harrow East,E14001270,5,2,3,1,4085,t
922,Hartlepool,E14001272,9,2,1,1,4087,t
923,Harwich and North Essex,E14001273,7,2,1,1,4088,t
924,Hastings and Rye,E14001274,1,2,1,1,4089,t
925,Havant,E14001275,1,2,3,1,4090,t
927,Hazel Grove,E14001277,3,2,1,1,4092,t
928,Hemel Hempstead,E14001278,7,2,1,1,4093,t
929,Hendon,E14001279,5,2,3,1,4094,t
930,Henley and Thame,E14001280,1,2,1,1,4095,t
932,Herne Bay and Sandwich,E14001282,1,2,1,1,4097,t
933,Hertford and Stortford,E14001283,7,2,1,1,4098,t
934,Hertsmere,E14001284,7,2,1,1,4099,t
935,Hexham,E14001285,9,2,1,1,4100,t
937,High Peak,E14001287,4,2,1,1,4102,t
938,Hinckley and Bosworth,E14001288,4,2,1,1,4103,t
939,Hitchin,E14001289,7,2,1,1,4104,t
940,Holborn and St Pancras,E14001290,5,2,3,1,4105,t
942,Hornchurch and Upminster,E14001292,5,2,3,1,4107,t
943,Hornsey and Friern Barnet,E14001293,5,2,3,1,4108,t
944,Horsham,E14001294,1,2,1,1,4109,t
945,Houghton and Sunderland South,E14001295,9,2,1,1,4110,t
947,Huddersfield,E14001297,6,2,3,1,4112,t
948,Huntingdon,E14001298,7,2,1,1,4113,t
949,Hyndburn,E14001299,3,2,1,1,4114,t
1154,Shipley,E14001472,6,2,1,1,4287,t
880,Foyle,N05000008,,4,1,4,4428,t
853,Edinburgh East and Musselburgh,S14000078,,5,2,3,4467,t
854,Edinburgh North and Leith,S14000079,,5,2,3,4468,t
855,Edinburgh South,S14000080,,5,2,3,4469,t
856,Edinburgh South West,S14000081,,5,2,3,4470,t
870,Falkirk,S14000083,,5,1,3,4472,t
887,Glasgow East,S14000084,,5,2,3,4473,t
888,Glasgow North,S14000085,,5,2,3,4474,t
890,Glasgow South,S14000087,,5,2,3,4476,t
891,Glasgow South West,S14000088,,5,2,3,4477,t
892,Glasgow West,S14000089,,5,2,3,4478,t
894,Glenrothes and Mid Fife,S14000090,,5,1,3,4479,t
913,Hamilton and Clyde Valley,S14000092,,5,1,3,4481,t
901,Gower,W07000097,,6,1,2,4512,t
951,Ilford South,E14001301,5,2,3,1,4116,t
954,Ipswich,E14001302,7,2,3,1,4117,t
956,Isle of Wight West,E14001304,1,2,1,1,4119,t
957,Islington North,E14001305,5,2,3,1,4120,t
958,Islington South and Finsbury,E14001306,5,2,3,1,4121,t
960,Keighley and Ilkley,E14001308,6,2,1,1,4123,t
961,Kenilworth and Southam,E14001309,2,2,1,1,4124,t
962,Kensington and Bayswater,E14001310,5,2,3,1,4125,t
963,Kettering,E14001311,4,2,1,1,4126,t
966,Kingston upon Hull East,E14001313,6,2,3,1,4128,t
967,Kingston upon Hull North and Cottingham,E14001314,6,2,3,1,4129,t
968,Kingston upon Hull West and Haltemprice,E14001315,6,2,3,1,4130,t
969,Kingswinford and South Staffordshire,E14001316,2,2,1,1,4131,t
970,Knowsley,E14001317,3,2,3,1,4132,t
973,Leeds Central and Headingley,E14001319,6,2,3,1,4134,t
974,Leeds East,E14001320,6,2,1,1,4135,t
975,Leeds North East,E14001321,6,2,3,1,4136,t
976,Leeds North West,E14001322,6,2,1,1,4137,t
978,Leeds South West and Morley,E14001324,6,2,3,1,4139,t
979,Leeds West and Pudsey,E14001325,6,2,3,1,4140,t
980,Leicester East,E14001326,4,2,3,1,4141,t
982,Leicester West,E14001328,4,2,3,1,4143,t
983,Leigh and Atherton,E14001329,3,2,3,1,4144,t
984,Lewes,E14001330,1,2,1,1,4145,t
985,Lewisham East,E14001331,5,2,3,1,4146,t
987,Lewisham West and East Dulwich,E14001333,5,2,3,1,4148,t
988,Leyton and Wanstead,E14001334,5,2,3,1,4149,t
989,Lichfield,E14001335,2,2,1,1,4150,t
990,Lincoln,E14001336,4,2,3,1,4151,t
992,Liverpool Riverside,E14001338,3,2,3,1,4153,t
993,Liverpool Walton,E14001339,3,2,3,1,4154,t
994,Liverpool Wavertree,E14001340,3,2,3,1,4155,t
999,Loughborough,E14001342,4,2,1,1,4157,t
1000,Louth and Horncastle,E14001343,4,2,1,1,4158,t
1001,Lowestoft,E14001344,7,2,1,1,4159,t
1002,Luton North,E14001345,7,2,3,1,4160,t
1004,Macclesfield,E14001347,3,2,1,1,4162,t
1005,Maidenhead,E14001348,1,2,1,1,4163,t
1006,Maidstone and Malling,E14001349,1,2,1,1,4164,t
1007,Makerfield,E14001350,3,2,3,1,4165,t
1008,Maldon,E14001351,7,2,1,1,4166,t
1010,Manchester Rusholme,E14001353,3,2,3,1,4168,t
1011,Manchester Withington,E14001354,3,2,3,1,4169,t
1012,Mansfield,E14001355,4,2,1,1,4170,t
1013,Melksham and Devizes,E14001356,8,2,1,1,4171,t
1015,Meriden and Solihull East,E14001358,2,2,1,1,4173,t
1018,Mid Bedfordshire,E14001359,7,2,1,1,4174,t
1019,Mid Buckinghamshire,E14001360,1,2,1,1,4175,t
1020,Mid Cheshire,E14001361,3,2,1,1,4176,t
1022,Mid Dorset and North Poole,E14001363,8,2,1,1,4178,t
1024,Mid Leicestershire,E14001364,4,2,1,1,4179,t
1025,Mid Norfolk,E14001365,7,2,1,1,4180,t
1028,Middlesbrough and Thornaby East,E14001367,9,2,3,1,4182,t
1029,Middlesbrough South and East Cleveland,E14001368,9,2,1,1,4183,t
1031,Milton Keynes Central,E14001369,1,2,3,1,4184,t
1033,Mitcham and Morden,E14001371,5,2,3,1,4186,t
1037,Morecambe and Lunesdale,E14001372,3,2,1,1,4187,t
1041,New Forest East,E14001373,1,2,1,1,4188,t
1042,New Forest West,E14001374,1,2,1,1,4189,t
1043,Newark,E14001375,4,2,1,1,4190,t
1045,Newcastle upon Tyne Central and West,E14001377,9,2,3,1,4192,t
1046,Newcastle upon Tyne East and Wallsend,E14001378,9,2,3,1,4193,t
1047,Newcastle upon Tyne North,E14001379,9,2,3,1,4194,t
1052,Newton Abbot,E14001381,8,2,1,1,4196,t
971,Lagan Valley,N05000009,,4,1,4,4429,t
1027,Mid Ulster,N05000010,,4,1,4,4430,t
1051,Newry and Armagh,N05000011,,4,1,4,4431,t
1030,Midlothian,S14000045,,5,1,3,4445,t
952,Inverclyde and Renfrewshire West,S14000093,,5,1,3,4482,t
953,"Inverness, Skye and West Ross-shire",S14000094,,5,1,3,4483,t
996,Livingston,S14000095,,5,1,3,4484,t
1023,Mid Dunbartonshire,S14000097,,5,1,3,4486,t
1036,"Moray West, Nairn and Strathspey",S14000098,,5,1,3,4487,t
997,Llanelli,W07000098,,6,1,2,4513,t
1016,Merthyr Tydfil and Aberdare,W07000099,,6,1,2,4514,t
1017,Mid and South Pembrokeshire,W07000100,,6,1,2,4515,t
1034,Monmouthshire,W07000101,,6,1,2,4516,t
1040,Neath and Swansea East,W07000103,,6,1,2,4518,t
1049,Newport East,W07000104,,6,1,2,4519,t
1054,Normanton and Hemsworth,E14001383,6,2,1,1,4198,t
1057,North Bedfordshire,E14001384,7,2,1,1,4199,t
1058,North Cornwall,E14001385,8,2,1,1,4200,t
1060,North Devon,E14001387,8,2,1,1,4202,t
1061,North Dorset,E14001388,8,2,1,1,4203,t
1063,North Durham,E14001389,9,2,1,1,4204,t
1065,North East Derbyshire,E14001391,4,2,1,1,4206,t
1067,North East Hampshire,E14001392,1,2,1,1,4207,t
1068,North East Hertfordshire,E14001393,7,2,1,1,4208,t
1069,North East Somerset and Hanham,E14001394,8,2,1,1,4209,t
1071,North Norfolk,E14001396,7,2,1,1,4211,t
1072,North Northumberland,E14001397,9,2,1,1,4212,t
1073,North Shropshire,E14001398,2,2,1,1,4213,t
1074,North Somerset,E14001399,8,2,1,1,4214,t
1076,North West Cambridgeshire,E14001401,7,2,1,1,4216,t
1077,North West Essex,E14001402,7,2,1,1,4217,t
1078,North West Hampshire,E14001403,1,2,1,1,4218,t
1079,North West Leicestershire,E14001404,4,2,1,1,4219,t
1081,Northampton North,E14001406,4,2,3,1,4221,t
1082,Northampton South,E14001407,4,2,3,1,4222,t
1083,Norwich North,E14001408,7,2,3,1,4223,t
1084,Norwich South,E14001409,7,2,3,1,4224,t
1085,Nottingham East,E14001410,4,2,3,1,4225,t
1087,Nottingham South,E14001412,4,2,3,1,4227,t
1088,Nuneaton,E14001413,2,2,1,1,4228,t
1089,Old Bexley and Sidcup,E14001414,5,2,3,1,4229,t
1091,"Oldham West, Chadderton and Royton",E14001416,3,2,3,1,4231,t
1093,Orpington,E14001417,5,2,3,1,4232,t
1094,Ossett and Denby Dale,E14001418,6,2,1,1,4233,t
1095,Oxford East,E14001419,1,2,3,1,4234,t
1096,Oxford West and Abingdon,E14001420,1,2,1,1,4235,t
1099,Peckham,E14001421,5,2,3,1,4236,t
1101,Penistone and Stocksbridge,E14001423,6,2,1,1,4238,t
1102,Penrith and Solway,E14001424,3,2,1,1,4239,t
1104,Peterborough,E14001425,7,2,1,1,4240,t
1106,Plymouth Sutton and Devonport,E14001427,8,2,3,1,4242,t
1107,"Pontefract, Castleford and Knottingley",E14001428,6,2,1,1,4243,t
1109,Poole,E14001429,8,2,3,1,4244,t
1110,Poplar and Limehouse,E14001430,5,2,3,1,4245,t
1111,Portsmouth North,E14001431,1,2,3,1,4246,t
1113,Preston,E14001433,3,2,3,1,4248,t
1114,Putney,E14001434,5,2,3,1,4249,t
1116,Rawmarsh and Conisbrough,E14001436,6,2,1,1,4251,t
1117,Rayleigh and Wickford,E14001437,7,2,1,1,4252,t
1118,Reading Central,E14001438,1,2,3,1,4253,t
1119,Reading West and Mid Berkshire,E14001439,1,2,1,1,4254,t
1120,Redcar,E14001440,9,2,3,1,4255,t
1121,Redditch,E14001441,2,2,1,1,4256,t
1124,Ribble Valley,E14001443,3,2,1,1,4258,t
1125,Richmond and Northallerton,E14001444,6,2,1,1,4259,t
1126,Richmond Park,E14001445,5,2,3,1,4260,t
1128,Rochester and Strood,E14001447,1,2,1,1,4262,t
1129,Romford,E14001448,5,2,3,1,4263,t
1131,Rossendale and Darwen,E14001450,3,2,1,1,4265,t
1132,Rother Valley,E14001451,6,2,1,1,4266,t
1133,Rotherham,E14001452,6,2,3,1,4267,t
1134,Rugby,E14001453,2,2,1,1,4268,t
1135,"Ruislip, Northwood and Pinner",E14001454,5,2,3,1,4269,t
1137,Runnymede and Weybridge,E14001456,1,2,1,1,4271,t
1138,Rushcliffe,E14001457,4,2,1,1,4272,t
1140,Rutland and Stamford,E14001458,4,2,1,1,4273,t
1141,Salford,E14001459,3,2,3,1,4274,t
1142,Salisbury,E14001460,8,2,1,1,4275,t
1144,Scunthorpe,E14001462,6,2,1,1,4277,t
1145,Sefton Central,E14001463,3,2,1,1,4278,t
1146,Selby,E14001464,6,2,1,1,4279,t
1147,Sevenoaks,E14001465,1,2,1,1,4280,t
1149,Sheffield Central,E14001467,6,2,3,1,4282,t
1150,Sheffield Hallam,E14001468,6,2,1,1,4283,t
1151,Sheffield Heeley,E14001469,6,2,3,1,4284,t
1152,Sheffield South East,E14001470,6,2,3,1,4285,t
1155,Shrewsbury,E14001473,2,2,1,1,4288,t
1055,North Antrim,N05000012,,4,1,4,4432,t
1062,North Down,N05000013,,4,1,4,4433,t
1092,Orkney and Shetland,S14000051,,5,1,3,4447,t
1066,North East Fife,S14000100,,5,1,3,4489,t
1097,Paisley and Renfrewshire North,S14000101,,5,2,3,4490,t
1098,Paisley and Renfrewshire South,S14000102,,5,1,3,4491,t
1139,Rutherglen,S14000104,,5,2,3,4493,t
1108,Pontypridd,W07000106,,6,1,2,4521,t
1123,Rhondda and Ogmore,W07000107,,6,1,2,4522,t
1157,Skipton and Ripon,E14001475,6,2,1,1,4290,t
1158,Sleaford and North Hykeham,E14001476,4,2,1,1,4291,t
1159,Slough,E14001477,1,2,3,1,4292,t
1161,Solihull West and Shirley,E14001479,2,2,3,1,4294,t
1163,South Basildon and East Thurrock,E14001480,7,2,1,1,4295,t
1164,South Cambridgeshire,E14001481,7,2,1,1,4296,t
1166,South Derbyshire,E14001483,4,2,1,1,4298,t
1167,South Devon,E14001484,8,2,1,1,4299,t
1168,South Dorset,E14001485,8,2,1,1,4300,t
1171,South Holland and The Deepings,E14001487,4,2,1,1,4302,t
1172,South Leicestershire,E14001488,4,2,1,1,4303,t
1173,South Norfolk,E14001489,7,2,1,1,4304,t
1174,South Northamptonshire,E14001490,4,2,1,1,4305,t
1175,South Ribble,E14001491,3,2,1,1,4306,t
1177,South Shropshire,E14001493,2,2,1,1,4308,t
1178,South Suffolk,E14001494,7,2,1,1,4309,t
1179,South West Devon,E14001495,8,2,1,1,4310,t
1181,South West Norfolk,E14001497,7,2,1,1,4312,t
1182,South West Wiltshire,E14001498,8,2,1,1,4313,t
1183,Southampton Itchen,E14001499,1,2,3,1,4314,t
1184,Southampton Test,E14001500,1,2,3,1,4315,t
1186,Southend West and Leigh,E14001502,7,2,3,1,4317,t
1187,Southgate and Wood Green,E14001503,5,2,3,1,4318,t
1188,Southport,E14001504,3,2,1,1,4319,t
1189,Spelthorne,E14001505,1,2,3,1,4320,t
1190,Spen Valley,E14001506,6,2,3,1,4321,t
1192,St Austell and Newquay,E14001508,8,2,1,1,4323,t
1193,St Helens North,E14001509,3,2,1,1,4324,t
1195,St Ives,E14001511,8,2,1,1,4326,t
1196,St Neots and Mid Cambridgeshire,E14001512,7,2,1,1,4327,t
1197,Stafford,E14001513,2,2,1,1,4328,t
1198,Staffordshire Moorlands,E14001514,2,2,1,1,4329,t
1199,Stalybridge and Hyde,E14001515,3,2,1,1,4330,t
1200,Stevenage,E14001516,7,2,1,1,4331,t
1203,Stockton North,E14001518,9,2,1,1,4333,t
1204,Stockton West,E14001519,9,2,1,1,4334,t
1206,Stoke-on-Trent North,E14001521,2,2,3,1,4336,t
1207,Stoke-on-Trent South,E14001522,2,2,1,1,4337,t
1208,"Stone, Great Wyrley and Penkridge",E14001523,2,2,1,1,4338,t
1209,Stourbridge,E14001524,2,2,3,1,4339,t
1212,Stratford-on-Avon,E14001526,2,2,1,1,4341,t
1213,Streatham and Croydon North,E14001527,5,2,3,1,4342,t
1214,Stretford and Urmston,E14001528,3,2,3,1,4343,t
1215,Stroud,E14001529,8,2,1,1,4344,t
1217,Sunderland Central,E14001531,9,2,3,1,4346,t
1218,Surrey Heath,E14001532,1,2,1,1,4347,t
1219,Sussex Weald,E14001533,1,2,1,1,4348,t
1220,Sutton and Cheam,E14001534,5,2,3,1,4349,t
1223,Swindon North,E14001536,8,2,1,1,4351,t
1224,Swindon South,E14001537,8,2,3,1,4352,t
1225,Tamworth,E14001538,2,2,1,1,4353,t
1226,Tatton,E14001539,3,2,1,1,4354,t
1228,Telford,E14001541,2,2,3,1,4356,t
1229,Tewkesbury,E14001542,8,2,1,1,4357,t
1230,The Wrekin,E14001543,2,2,1,1,4358,t
1232,Thornbury and Yate,E14001545,8,2,1,1,4360,t
1233,Thurrock,E14001546,7,2,3,1,4361,t
1234,Tipton and Wednesbury,E14001547,2,2,3,1,4362,t
1236,Tonbridge,E14001549,1,2,1,1,4364,t
1237,Tooting,E14001550,5,2,3,1,4365,t
1238,Torbay,E14001551,8,2,3,1,4366,t
1240,Torridge and Tavistock,E14001552,8,2,1,1,4367,t
1241,Tottenham,E14001553,5,2,3,1,4368,t
1243,Tunbridge Wells,E14001555,1,2,1,1,4370,t
1244,Twickenham,E14001556,5,2,3,1,4371,t
1245,Tynemouth,E14001557,9,2,3,1,4372,t
1249,Vauxhall and Camberwell Green,E14001559,5,2,3,1,4374,t
1250,Wakefield and Rothwell,E14001560,6,2,3,1,4375,t
1251,Wallasey,E14001561,3,2,3,1,4376,t
1252,Walsall and Bloxwich,E14001562,2,2,3,1,4377,t
1253,Walthamstow,E14001563,5,2,3,1,4378,t
1255,Warrington South,E14001565,3,2,1,1,4380,t
1256,Warwick and Leamington,E14001566,2,2,1,1,4381,t
1257,Washington and Gateshead South,E14001567,9,2,3,1,4382,t
1258,Watford,E14001568,7,2,3,1,4383,t
1162,South Antrim,N05000014,,4,1,4,4434,t
1169,South Down,N05000015,,4,1,4,4435,t
1210,Strangford,N05000016,,4,1,4,4436,t
1246,Upper Bann,N05000017,,4,1,4,4437,t
1222,Swansea West,W07000108,,6,1,2,4523,t
1239,Torfaen,W07000109,,6,1,2,4524,t
1248,Vale of Glamorgan,W07000110,,6,1,2,4525,t
1302,Aberdeen Central,S19970001,,5,2,11,8,f
1304,Aberdeen South,S19970003,,5,2,11,19,f
1305,Airdrie and Shotts,S19970004,,5,2,11,35,f
1306,Aldershot,E14000001,1,2,1,10,41,t
1308,Altrincham and Sale West,E14000003,3,2,3,10,50,t
1309,Alyn and Deeside,W07000007,,6,1,12,52,t
1310,Amber Valley,E14000004,4,2,1,10,54,t
1311,Angus,S19970005,,5,1,11,58,f
1312,Argyll and Bute,S19970006,,5,1,11,66,f
1314,Ashfield,E14000006,4,2,1,10,78,t
1315,Ashford,E14000007,1,2,1,10,83,t
1316,Ashton under Lyne,E14000008,3,2,3,10,88,t
1317,Aylesbury,E14000009,1,2,1,10,93,t
1318,Ayr,S19970007,,5,1,11,97,f
1320,Banff and Buchan,S19970008,,5,1,11,109,f
1321,Barking,E14000011,5,2,3,10,117,t
1323,Barnsley East and Mexborough,E14000013,6,2,1,10,130,t
1324,Barnsley West and Penistone,E14000014,6,2,1,10,132,t
1325,Barrow and Furness,E14000015,3,2,1,10,136,t
1326,Basildon,E14000016,7,2,3,10,144,t
1328,Bassetlaw,E14000018,4,2,1,10,154,t
1329,Bath,E14000019,8,2,1,10,159,t
1330,Batley and Spen,E14000020,6,2,3,10,164,t
1331,Battersea,E14000021,5,2,3,10,166,t
1333,Beckenham,E14000023,5,2,3,10,181,t
1334,Bedford,E14000024,7,2,3,10,185,t
1335,Belfast East,N19970001,,4,3,9,193,f
1337,Belfast South,N19970003,,4,3,9,201,f
1338,Belfast West,N19970004,,4,3,9,206,f
1339,Berwick-upon-Tweed,E14000025,9,2,1,10,221,t
1341,Beverley and Holderness,E14000027,6,2,1,10,230,t
1342,Bexhill and Battle,E14000028,1,2,1,10,233,t
1343,Bexleyheath and Crayford,E14000029,5,2,3,10,239,t
1344,Billericay,E14000030,7,2,1,10,242,t
1346,"Birmingham, Edgbaston",E14000032,2,2,3,10,262,t
1347,"Birmingham, Erdington",E14000033,2,2,3,10,267,t
1348,"Birmingham, Hall Green",E14000034,2,2,3,10,271,t
1350,"Birmingham, Ladywood",E14000036,2,2,3,10,283,t
1351,"Birmingham, Northfield",E14000037,2,2,3,10,288,t
1352,"Birmingham, Perry Barr",E14000038,2,2,3,10,292,t
1353,"Birmingham, Selly Oak",E14000039,2,2,3,10,296,t
1355,"Birmingham, Yardley",E14000041,2,2,3,10,311,t
1356,Bishop Auckland,E14000042,9,2,1,10,316,t
1357,Blaby,E14000043,4,2,1,10,319,t
1358,Blackburn,E14000044,3,2,3,10,324,t
1359,Blackpool North and Fleetwood,E14000045,3,2,3,10,331,t
1361,Blaenau Gwent,W07000038,,6,1,12,338,t
1260,Weald of Kent,E14001570,1,2,1,1,4385,t
1261,Wellingborough and Rushden,E14001571,4,2,1,1,4386,t
1262,Wells and Mendip Hills,E14001572,8,2,1,1,4387,t
1265,West Bromwich,E14001574,2,2,3,1,4389,t
1266,West Dorset,E14001575,8,2,1,1,4390,t
1268,West Ham and Beckton,E14001576,5,2,3,1,4391,t
1269,West Lancashire,E14001577,3,2,1,1,4392,t
1272,West Worcestershire,E14001579,2,2,1,1,4394,t
1273,Westmorland and Lonsdale,E14001580,3,2,1,1,4395,t
1274,Weston-super-Mare,E14001581,8,2,1,1,4396,t
1276,Whitehaven and Workington,E14001583,3,2,1,1,4398,t
1277,Widnes and Halewood,E14001584,3,2,1,1,4399,t
1278,Wigan,E14001585,3,2,1,1,4400,t
1279,Wimbledon,E14001586,5,2,3,1,4401,t
1281,Windsor,E14001588,1,2,1,1,4403,t
1282,Wirral West,E14001589,3,2,1,1,4404,t
1283,Witham,E14001590,7,2,1,1,4405,t
1284,Witney,E14001591,1,2,1,1,4406,t
1286,Wokingham,E14001593,1,2,1,1,4408,t
1287,Wolverhampton North East,E14001594,2,2,3,1,4409,t
1288,Wolverhampton South East,E14001595,2,2,3,1,4410,t
1290,Worcester,E14001597,2,2,3,1,4412,t
1291,Worsley and Eccles,E14001598,3,2,1,1,4413,t
1292,Worthing West,E14001599,1,2,1,1,4414,t
1294,Wycombe,E14001600,1,2,1,1,4415,t
1296,Wythenshawe and Sale East,E14001602,3,2,3,1,4417,t
1297,Yeovil,E14001603,8,2,1,1,4418,t
1299,York Central,E14001604,6,2,3,1,4419,t
1300,York Outer,E14001605,6,2,1,1,4420,t
670,"Ayr, Carrick and Cumnock",S14000107,,5,1,3,4439,t
771,Central Ayrshire,S14000109,,5,1,3,4441,t
1264,West Aberdeenshire and Kincardine,S14000111,,5,1,3,4448,t
1267,West Dunbartonshire,S14000106,,5,1,3,4495,t
1035,Montgomeryshire and Glyndŵr,W07000102,,6,1,2,4517,t
1293,Wrexham,W07000111,,6,1,2,4526,t
1298,Ynys Môn,W07000112,,6,1,2,4527,t
1363,Blyth Valley,E14000048,9,2,3,10,347,t
1365,Bolsover,E14000050,4,2,1,10,355,t
1366,Bolton North East,E14000051,3,2,3,10,360,t
1367,Bolton South East,E14000052,3,2,3,10,362,t
1368,Bolton West,E14000053,3,2,1,10,366,t
1369,Bootle,E14000054,3,2,3,10,372,t
1371,Bosworth,E14000056,4,2,1,10,378,t
1372,Bournemouth East,E14000057,8,2,3,10,385,t
1373,Bournemouth West,E14000058,8,2,3,10,390,t
1374,Bracknell,E14000059,1,2,1,10,393,t
1376,Bradford South,E14000061,6,2,3,10,407,t
1377,Bradford West,E14000062,6,2,3,10,412,t
1378,Braintree,E14000063,7,2,1,10,415,t
1380,Brent East,E14000064,5,2,3,10,422,t
1381,Brent North,E14000065,5,2,3,10,425,t
1382,Brent South,E14000066,5,2,3,10,428,t
1383,Brentford and Isleworth,E14000067,5,2,3,10,432,t
1385,Bridgend,W07000023,,6,1,12,437,t
1386,Bridgwater,E14000069,8,2,1,10,442,t
1387,Brigg and Goole,E14000070,6,2,1,10,450,t
1388,"Brighton, Kemptown",E14000071,1,2,3,10,457,t
1390,Bristol East,E14000073,8,2,3,10,464,t
1391,Bristol North West,E14000074,8,2,3,10,470,t
1392,Bristol South,E14000075,8,2,3,10,474,t
1393,Bristol West,E14000076,8,2,3,10,480,t
1395,Bromsgrove,E14000078,2,2,1,10,488,t
1396,Broxbourne,E14000079,7,2,3,10,491,t
1397,Broxtowe,E14000080,4,2,1,10,495,t
1398,Buckingham,E14000081,1,2,1,10,500,t
1400,Burton,E14000083,2,2,1,10,512,t
1401,Bury North,E14000084,3,2,3,10,517,t
1402,Bury South,E14000085,3,2,3,10,519,t
1404,Caernarfon,W07000002,,6,1,12,528,t
1405,Caerphilly,W07000035,,6,1,12,537,t
1406,"Caithness, Sutherland and Easter Ross",S19970009,,5,1,11,542,f
1407,Calder Valley,E14000087,6,2,1,10,545,t
1409,Cambridge,E14000089,7,2,3,10,554,t
1410,Cannock Chase,E14000090,2,2,1,10,563,t
1411,Canterbury,E14000091,1,2,1,10,568,t
1412,Cardiff Central,W07000031,,6,3,12,571,t
1414,Cardiff South and Penarth,W07000032,,6,3,12,580,t
1415,Cardiff West,W07000029,,6,3,12,586,t
1416,Carlisle,E14000092,3,2,3,10,594,t
1418,Carmarthen West and South Pembrokeshire,W07000016,,6,1,12,602,t
1419,"Carrick, Cumnock and Doon Valley",S19970010,,5,1,11,604,f
1420,Carshalton and Wallington,E14000093,5,2,3,10,609,t
1421,Castle Point,E14000094,7,2,3,10,611,t
1423,Central Suffolk and North Ipswich,E14000095,7,2,1,10,621,t
1424,Ceredigion,W07000012,,6,1,12,622,t
1425,Charnwood,E14000096,4,2,1,10,624,t
1427,Cheadle,E14000098,3,2,3,10,630,t
1428,Cheltenham,E14000099,8,2,3,10,643,t
1429,Chesham and Amersham,E14000100,1,2,1,10,650,t
1430,Chesterfield,E14000101,4,2,3,10,655,t
1432,Chingford and Woodford Green,E14000103,5,2,3,10,667,t
1433,Chipping Barnet,E14000104,5,2,3,10,673,t
1434,Chorley,E14000105,3,2,1,10,681,t
1435,Christchurch,E14000106,8,2,1,10,683,t
1437,City of Chester,E14000108,3,2,1,10,696,t
1438,City of Durham,E14000109,9,2,1,10,698,t
1439,City of York,E14000110,6,2,3,10,702,t
1440,Cleethorpes,E14000111,6,2,1,10,709,t
1441,Clwyd South,W07000009,,6,1,12,717,t
1443,Clydebank and Milngavie,S19970012,,5,1,11,721,f
1444,Clydesdale,S19970013,,5,1,11,723,f
1446,Colchester,E14000112,7,2,3,10,732,t
1447,Colne Valley,E14000113,6,2,1,10,737,t
1448,Congleton,E14000114,3,2,1,10,741,t
1449,Conwy,W07000003,,6,1,12,748,t
1450,Copeland,E14000115,3,2,1,10,750,t
1452,Cotswold,E14000117,8,2,1,10,754,t
1453,Coventry North East,E14000118,2,2,3,10,760,t
1455,Coventry South,E14000120,2,2,3,10,765,t
1456,Crawley,E14000121,1,2,3,10,772,t
1457,Crewe and Nantwich,E14000122,3,2,1,10,777,t
1458,Crosby,E14000123,3,2,3,10,781,t
1459,Croydon Central,E14000124,5,2,3,10,784,t
1461,Croydon South,E14000126,5,2,3,10,799,t
1462,Cumbernauld and Kilsyth,S19970015,,5,1,11,803,f
1463,Cunninghame North,S19970016,,5,1,11,806,f
1465,Cynon Valley,W07000026,,6,1,12,810,t
1466,Dagenham,E14000127,5,2,3,10,815,t
1467,Darlington,E14000128,9,2,3,10,820,t
1468,Dartford,E14000129,1,2,1,10,826,t
1471,Denton and Reddish,E14000131,3,2,3,10,843,t
1472,Derby North,E14000132,4,2,3,10,850,t
1474,Devizes,E14000134,8,2,1,10,861,t
1475,Dewsbury,E14000135,6,2,1,10,866,t
1476,Don Valley,E14000138,6,2,1,10,871,t
1477,Doncaster Central,E14000136,6,2,3,10,876,t
1479,Dover,E14000139,1,2,1,10,888,t
1480,Dudley North,E14000140,2,2,3,10,896,t
1481,Dudley South,E14000141,2,2,3,10,897,t
1483,Dumbarton,S19970018,,5,1,11,906,f
1484,Dumfries,S19970019,,5,1,11,910,f
1485,Dundee East,S19970020,,5,2,11,921,f
1486,Dundee West,S19970021,,5,2,11,926,f
1487,Dunfermline East,S19970022,,5,1,11,933,f
1489,Ealing North,E14000144,5,2,3,10,943,t
1490,"Ealing, Acton and Shepherd's Bush",E14000143,5,2,3,10,948,t
1491,"Ealing, Southall",E14000145,5,2,3,10,951,t
1492,Easington,E14000146,9,2,1,10,955,t
1494,East Devon,E14000147,8,2,1,10,962,t
1495,East Ham,E14000148,5,2,3,10,973,t
1497,East Kilbride,S19970024,,5,1,11,984,f
1498,East Londonderry,N19970006,,4,1,9,988,f
1499,East Lothian,S19970025,,5,1,11,990,f
1500,East Surrey,E14000150,1,2,1,10,998,t
1502,East Yorkshire,E14000152,6,2,1,10,1000,t
1503,Eastbourne,E14000153,1,2,3,10,1005,t
1504,Eastleigh,E14000154,1,2,3,10,1012,t
1505,Eastwood,S19970026,,5,1,11,1014,f
1506,Eccles,E14000155,3,2,3,10,1022,t
1508,Edinburgh Central,S19970027,,5,2,11,1030,f
1509,Edinburgh East and Musselburgh,S19970028,,5,2,11,1036,f
1511,Edinburgh Pentlands,S19970030,,5,2,11,1061,f
1512,Edinburgh South,S19970031,,5,2,11,1046,f
1513,Edinburgh West,S19970032,,5,2,11,1053,f
1514,Edmonton,E14000157,5,2,3,10,1066,t
1516,Elmet,E14000159,6,2,1,10,1071,t
1517,Eltham,E14000160,5,2,3,10,1073,t
1518,Enfield North,E14000161,5,2,3,10,1078,t
1519,"Enfield, Southgate",E14000162,5,2,3,10,1082,t
1520,Epping Forest,E14000163,7,2,1,10,1087,t
1522,Erewash,E14000165,4,2,1,10,1094,t
1523,Erith and Thamesmead,E14000166,5,2,3,10,1097,t
1524,Esher and Walton,E14000167,1,2,3,10,1101,t
1525,Exeter,E14000168,8,2,3,10,1111,t
1527,Falkirk West,S19970034,,5,1,11,1119,f
1528,Falmouth and Camborne,E14000169,8,2,1,10,1123,t
1529,Fareham,E14000170,1,2,1,10,1127,t
1531,Feltham and Heston,E14000172,5,2,3,10,1141,t
1532,Fermanagh and South Tyrone,N19970007,,4,1,9,1145,f
1533,Finchley and Golders Green,E14000173,5,2,3,10,1151,t
1535,Forest of Dean,E14000175,8,2,1,10,1159,t
1536,Foyle,N19970008,,4,1,9,1162,f
1537,Fylde,E14000176,3,2,1,10,1173,t
1538,Gainsborough,E14000177,4,2,1,10,1177,t
1540,Gateshead East and Washington West,E14000178,9,2,3,10,1188,t
1541,Gedling,E14000179,4,2,1,10,1192,t
1542,Gillingham,E14000180,1,2,3,10,1197,t
1543,Glasgow Anniesland,S19970036,,5,2,11,1210,f
1545,Glasgow Cathcart,S19970038,,5,2,11,1220,f
1546,Glasgow Govan,S19970039,,5,2,11,1231,f
1547,Glasgow Kelvin,S19970040,,5,2,11,1236,f
1548,Glasgow Maryhill,S19970041,,5,2,11,1244,f
1550,Glasgow Rutherglen,S19970043,,5,2,11,1258,f
1551,Glasgow Shettleston,S19970044,,5,2,11,1264,f
1552,Glasgow Springburn,S19970045,,5,2,11,1269,f
1553,Gloucester,E14000181,8,2,3,10,1279,t
1555,Gosport,E14000182,1,2,3,10,1287,t
1556,Gower,W07000018,,6,1,12,1293,t
1558,Gravesham,E14000184,1,2,1,10,1303,t
1559,Great Grimsby,E14000185,6,2,3,10,1305,t
1560,Great Yarmouth,E14000186,7,2,1,10,1308,t
1561,Greenock and Inverclyde,S19970047,,5,1,11,1311,f
1563,Guildford,E14000188,1,2,1,10,1326,t
1564,Hackney North and Stoke Newington,E14000189,5,2,3,10,1333,t
1565,Hackney South and Shoreditch,E14000190,5,2,3,10,1338,t
1566,Halesowen and Rowley Regis,E14000191,2,2,3,10,1339,t
1567,Halifax,E14000192,6,2,3,10,1346,t
1569,Halton,E14000194,3,2,1,10,1351,t
1570,Hamilton North and Bellshill,S19970048,,5,2,11,1356,f
1571,Hamilton South,S19970049,,5,2,11,1357,f
1573,Hampstead and Highgate,E14000196,5,2,3,10,1369,t
1574,Harborough,E14000197,4,2,1,10,1374,t
1575,Harlow,E14000198,7,2,1,10,1377,t
1895,Upper Bann,N19970017,,4,1,9,2984,f
1577,Harrow East,E14000200,5,2,3,10,1389,t
1579,Hartlepool,E14000202,9,2,3,10,1397,t
1580,Harwich,E14000203,7,2,1,10,1402,t
1581,Hastings and Rye,E14000204,1,2,1,10,1407,t
1582,Havant,E14000205,1,2,3,10,1409,t
1584,Hazel Grove,E14000207,3,2,1,10,1417,t
1585,Hemel Hempstead,E14000208,7,2,1,10,1421,t
1586,Hemsworth,E14000209,6,2,1,10,1426,t
1587,Hendon,E14000210,5,2,3,10,1428,t
1589,Hereford,E14000212,2,2,1,10,1446,t
1590,Hertford and Stortford,E14000213,7,2,1,10,1451,t
1591,Hertsmere,E14000214,7,2,1,10,1453,t
1593,Heywood and Middleton,E14000216,3,2,1,10,1462,t
1594,High Peak,E14000217,4,2,1,10,1470,t
1596,Holborn and St. Pancras,E14000219,5,2,3,10,1477,t
1597,Hornchurch,E14000220,5,2,3,10,1496,t
1598,Hornsey and Wood Green,E14000221,5,2,3,10,1501,t
1599,Horsham,E14000222,1,2,1,10,1505,t
1601,Hove,E14000224,1,2,3,10,1518,t
1602,Huddersfield,E14000225,6,2,3,10,1524,t
1603,Huntingdon,E14000226,7,2,1,10,1530,t
1604,Hyndburn,E14000227,3,2,3,10,1537,t
1605,Ilford North,E14000228,5,2,3,10,1543,t
1607,"Inverness East, Nairn and Lochaber",S19970050,,5,1,11,1559,f
1608,Ipswich,E14000230,7,2,3,10,1566,t
1609,Isle of Wight,E14000231,1,2,1,10,1575,t
1610,Islington North,E14000232,5,2,3,10,1583,t
1612,Islwyn,W07000036,,6,1,12,1591,t
1613,Jarrow,E14000234,9,2,3,10,1597,t
1614,Keighley,E14000235,6,2,1,10,1602,t
1615,Kensington and Chelsea,E14000236,5,2,3,10,1606,t
1616,Kettering,E14000237,4,2,1,10,1615,t
1618,Kingston and Surbiton,E14000238,5,2,3,10,1628,t
1619,Kingston upon Hull East,E14000239,6,2,3,10,1635,t
1620,Kingston upon Hull North,E14000240,6,2,3,10,1638,t
1622,Kingswood,E14000242,8,2,3,10,1654,t
1623,Kirkcaldy,S19970052,,5,1,11,1660,f
1624,Knowsley North and Sefton East,E14000243,3,2,1,10,1665,t
1625,Knowsley South,E14000244,3,2,1,10,1667,t
1626,Lagan Valley,N19970009,,4,1,9,1672,f
1628,Leeds Central,E14000246,6,2,3,10,1688,t
1629,Leeds East,E14000247,6,2,3,10,1692,t
1630,Leeds North East,E14000248,6,2,3,10,1699,t
1631,Leeds North West,E14000249,6,2,3,10,1703,t
1633,Leicester East,E14000251,4,2,3,10,1721,t
1634,Leicester South,E14000252,4,2,3,10,1727,t
1635,Leicester West,E14000253,4,2,3,10,1733,t
1636,Leigh,E14000254,3,2,1,10,1738,t
1638,Lewes,E14000256,1,2,1,10,1749,t
1639,Lewisham East,E14000258,5,2,3,10,1753,t
1640,Lewisham West,E14000259,5,2,3,10,1760,t
1642,Leyton and Wanstead,E14000260,5,2,3,10,1767,t
1643,Lichfield,E14000261,2,2,1,10,1771,t
1644,Lincoln,E14000262,4,2,3,10,1779,t
1645,Linlithgow,S19970053,,5,1,11,1781,f
1647,"Liverpool, Riverside",E14000264,3,2,3,10,1803,t
1648,"Liverpool, Walton",E14000265,3,2,3,10,1813,t
1649,"Liverpool, Wavertree",E14000266,3,2,3,10,1817,t
1650,"Liverpool, West Derby",E14000267,3,2,3,10,1822,t
1651,Livingston,S19970054,,5,1,11,1825,f
1653,Loughborough,E14000268,4,2,1,10,1842,t
1654,Louth and Horncastle,E14000269,4,2,1,10,1846,t
1655,Ludlow,E14000270,2,2,1,10,1854,t
1657,Luton South,E14000272,7,2,3,10,1860,t
1658,Macclesfield,E14000273,3,2,1,10,1866,t
1659,Maidenhead,E14000274,1,2,1,10,1867,t
1661,Makerfield,E14000276,3,2,1,10,1874,t
1662,Maldon and East Chelmsford,E14000277,7,2,1,10,1878,t
1663,Manchester Central,E14000279,3,2,3,10,1881,t
1664,"Manchester, Blackley",E14000278,3,2,3,10,1889,t
1666,"Manchester, Withington",E14000281,3,2,3,10,1912,t
1667,Mansfield,E14000282,4,2,1,10,1920,t
1668,Medway,E14000283,1,2,1,10,1922,t
1669,Meirionnydd Nant Conwy,W07000010,,6,1,12,1924,t
1671,Merthyr Tydfil and Rhymney,W07000033,,6,1,12,1939,t
1672,Mid Bedfordshire,E14000285,7,2,1,10,1946,t
1674,Mid Norfolk,E14000287,7,2,1,10,1950,t
1675,Mid Sussex,E14000288,1,2,1,10,1955,t
1676,Mid Ulster,N19970010,,4,1,9,1959,f
1677,Mid Worcestershire,E14000289,2,2,1,10,1961,t
1678,Middlesbrough,E14000290,9,2,3,10,1964,t
1680,Midlothian,S19970055,,5,1,11,1976,f
1896,Uxbridge,E14000474,5,2,3,10,2990,t
1683,Mole Valley,E14000294,1,2,1,10,1988,t
1684,Monmouth,W07000034,,6,1,12,1995,t
1685,Montgomeryshire,W07000011,,6,1,12,2000,t
1686,Moray,S19970056,,5,1,11,2003,f
1688,Morley and Rothwell,E14000296,6,2,3,10,2013,t
1689,Motherwell and Wishaw,S19970057,,5,2,11,2021,f
1690,Neath,W07000021,,6,1,12,2032,t
1691,New Forest East,E14000297,1,2,1,10,2040,t
1693,Newark,E14000299,4,2,1,10,2046,t
1694,Newbury,E14000300,1,2,1,10,2051,t
1695,Newcastle upon Tyne Central,E14000301,9,2,3,10,2056,t
1697,Newcastle upon Tyne North,E14000303,9,2,3,10,2066,t
1698,Newcastle-under-Lyme,E14000304,2,2,3,10,2074,t
1699,Newport East,W07000040,,6,1,12,2085,t
1700,Newport West,W07000039,,6,1,12,2087,t
1701,Newry and Armagh,N19970011,,4,1,9,2089,f
1702,Normanton,E14000305,6,2,1,10,2097,t
1704,North Cornwall,E14000306,8,2,1,10,2111,t
1705,North Devon,E14000307,8,2,1,10,2115,t
1706,North Dorset,E14000308,8,2,1,10,2119,t
1708,North Durham,E14000309,9,2,1,10,2125,t
1709,North East Bedfordshire,E14000310,7,2,1,10,2126,t
1710,North East Cambridgeshire,E14000311,7,2,1,10,2128,t
1712,North East Fife,S19970058,,5,1,11,2134,f
1713,North East Hampshire,E14000313,1,2,1,10,2136,t
1714,North East Hertfordshire,E14000314,7,2,1,10,2137,t
1715,North East Milton Keynes,E14000315,1,2,1,10,2139,t
1717,North Norfolk,E14000317,7,2,1,10,2150,t
1718,North Shropshire,E14000318,2,2,1,10,2152,t
1719,North Southwark and Bermondsey,E14000319,5,2,3,10,2155,t
1720,North Swindon,E14000320,8,2,1,10,2156,t
1722,North Thanet,E14000321,1,2,1,10,2160,t
1723,North Tyneside,E14000322,9,2,3,10,2161,t
1725,North West Cambridgeshire,E14000324,7,2,1,10,2164,t
1726,North West Durham,E14000325,9,2,1,10,2168,t
1727,North West Hampshire,E14000326,1,2,1,10,2170,t
1728,North West Leicestershire,E14000327,4,2,1,10,2172,t
1730,North Wiltshire,E14000329,8,2,1,10,2179,t
1731,Northampton North,E14000330,4,2,3,10,2184,t
1732,Northampton South,E14000331,4,2,3,10,2187,t
1733,Northavon,E14000332,8,2,1,10,2189,t
1734,Norwich North,E14000333,7,2,3,10,2199,t
1736,Nottingham East,E14000335,4,2,3,10,2215,t
1737,Nottingham North,E14000336,4,2,3,10,2219,t
1738,Nottingham South,E14000337,4,2,3,10,2224,t
1739,Nuneaton,E14000338,2,2,1,10,2232,t
1741,Ogmore,W07000024,,6,1,12,2239,t
1742,Old Bexley and Sidcup,E14000339,5,2,3,10,2241,t
1744,Oldham West and Royton,E14000341,3,2,3,10,2251,t
1745,Orkney and Shetland,S19970061,,5,1,11,2255,f
1746,Orpington,E14000342,5,2,3,10,2265,t
1747,Oxford East,E14000343,1,2,3,10,2273,t
1749,Paisley North,S19970062,,5,2,11,2288,f
1750,Paisley South,S19970063,,5,2,11,2290,f
1751,Pendle,E14000345,3,2,3,10,2301,t
1752,Penrith and The Border,E14000346,3,2,1,10,2309,t
1753,Perth,S19970064,,5,1,11,2312,f
1755,"Plymouth, Devonport",E14000348,8,2,3,10,2330,t
1756,"Plymouth, Sutton",E14000349,8,2,3,10,2338,t
1757,Pontefract and Castleford,E14000350,6,2,1,10,2343,t
1758,Pontypridd,W07000027,,6,1,12,2351,t
1760,Poplar and Canning Town,E14000352,5,2,3,10,2357,t
1761,Portsmouth North,E14000353,1,2,3,10,2362,t
1763,Preseli Pembrokeshire,W07000014,,6,1,12,2370,t
1764,Preston,E14000355,3,2,3,10,2373,t
1765,Pudsey,E14000356,6,2,3,10,2381,t
1766,Putney,E14000357,5,2,3,10,2387,t
1768,Reading East,E14000359,1,2,3,10,2395,t
1769,Reading West,E14000360,1,2,1,10,2401,t
1770,Redcar,E14000361,9,2,3,10,2404,t
1771,Redditch,E14000362,2,2,3,10,2405,t
1773,Reigate,E14000364,1,2,3,10,2411,t
1774,Rhondda,W07000025,,6,1,12,2416,t
1775,Ribble Valley,E14000365,3,2,1,10,2422,t
1776,Richmond (Yorks),E14000366,6,2,1,10,2430,t
1778,Rochdale,E14000368,3,2,1,10,2439,t
1779,Rochford and Southend East,E14000369,7,2,1,10,2443,t
1780,Romford,E14000370,5,2,3,10,2448,t
1781,Romsey,E14000371,1,2,1,10,2449,t
1783,Rossendale and Darwen,E14000372,3,2,3,10,2461,t
1784,Rother Valley,E14000373,6,2,1,10,2466,t
1785,Rotherham,E14000374,6,2,3,10,2471,t
1787,Rugby and Kenilworth,E14000375,2,2,1,10,2487,t
1789,Runnymede and Weybridge,E14000377,1,2,1,10,2494,t
1790,Rushcliffe,E14000378,4,2,1,10,2499,t
1792,Ryedale,E14000380,6,2,1,10,2511,t
1793,Saffron Walden,E14000381,7,2,1,10,2516,t
1794,Salford,E14000386,3,2,3,10,2517,t
1795,Salisbury,E14000387,8,2,1,10,2530,t
1797,Scunthorpe,E14000389,6,2,1,10,2536,t
1798,Sedgefield,E14000390,9,2,1,10,2541,t
1799,Selby,E14000391,6,2,1,10,2543,t
1800,Sevenoaks,E14000392,1,2,1,10,2548,t
1802,"Sheffield, Attercliffe",E14000393,6,2,3,10,2556,t
1803,"Sheffield, Brightside",E14000394,6,2,3,10,2561,t
1804,"Sheffield, Hallam",E14000396,6,2,1,10,2567,t
1806,"Sheffield, Hillsborough",E14000398,6,2,1,10,2576,t
1807,Sherwood,E14000399,4,2,1,10,2582,t
1808,Shipley,E14000400,6,2,1,10,2587,t
1809,Shrewsbury and Atcham,E14000401,2,2,1,10,2596,t
1811,Skipton and Ripon,E14000403,6,2,1,10,2604,t
1812,Sleaford and North Hykeham,E14000404,4,2,1,10,2605,t
1813,Slough,E14000405,1,2,3,10,2607,t
1814,Solihull,E14000406,2,2,3,10,2614,t
1816,South Antrim,N19970014,,4,1,9,2622,f
1817,South Cambridgeshire,E14000408,7,2,1,10,2630,t
1818,South Derbyshire,E14000409,4,2,1,10,2634,t
1819,South Dorset,E14000410,8,2,1,10,2638,t
1821,South East Cambridgeshire,E14000411,7,2,1,10,2644,t
1822,South East Cornwall,E14000412,8,2,1,10,2646,t
1824,South Norfolk,E14000414,7,2,1,10,2663,t
1825,South Ribble,E14000415,3,2,1,10,2667,t
1826,South Shields,E14000416,9,2,3,10,2672,t
1827,South Staffordshire,E14000417,2,2,1,10,2674,t
1828,South Suffolk,E14000418,7,2,1,10,2676,t
1829,South Swindon,E14000419,8,2,1,10,2677,t
1831,South West Bedfordshire,E14000421,7,2,1,10,2681,t
1832,South West Devon,E14000422,8,2,1,10,2683,t
1833,South West Hertfordshire,E14000423,7,2,1,10,2687,t
1835,South West Surrey,E14000425,1,2,1,10,2694,t
1836,"Southampton, Itchen",E14000426,1,2,3,10,2705,t
1837,"Southampton, Test",E14000427,1,2,3,10,2709,t
1838,Southend West,E14000428,7,2,3,10,2716,t
1839,Southport,E14000429,3,2,3,10,2724,t
1841,St. Albans,E14000382,7,2,1,10,2744,t
1842,St. Helens North,E14000383,3,2,3,10,2749,t
1843,St. Helens South,E14000384,3,2,3,10,2751,t
1845,Stafford,E14000431,2,2,1,10,2766,t
1846,Staffordshire Moorlands,E14000432,2,2,1,10,2771,t
1847,Stalybridge and Hyde,E14000433,3,2,1,10,2776,t
1849,Stirling,S19970067,,5,1,11,2783,f
1850,Stockport,E14000435,3,2,3,10,2792,t
1851,Stockton North,E14000436,9,2,3,10,2799,t
1853,Stoke-on-Trent Central,E14000438,2,2,3,10,2809,t
1854,Stoke-on-Trent North,E14000439,2,2,3,10,2813,t
1855,Stoke-on-Trent South,E14000440,2,2,3,10,2817,t
1856,Stone,E14000441,2,2,1,10,2822,t
1858,Strangford,N19970016,,4,1,9,2826,f
1859,Stratford-on-Avon,E14000443,2,2,1,10,2831,t
1860,Strathkelvin and Bearsden,S19970068,,5,1,11,2833,f
1861,Streatham,E14000444,5,2,3,10,2838,t
1863,Stroud,E14000446,8,2,1,10,2848,t
1864,Suffolk Coastal,E14000447,7,2,1,10,2854,t
1865,Sunderland North,E14000448,9,2,3,10,2859,t
1867,Surrey Heath,E14000450,1,2,1,10,2867,t
1868,Sutton and Cheam,E14000451,5,2,3,10,2872,t
1869,Sutton Coldfield,E14000452,2,2,3,10,2878,t
1870,Swansea East,W07000020,,6,3,12,2883,t
1872,Tamworth,E14000453,2,2,1,10,2894,t
1873,Tatton,E14000454,3,2,1,10,2896,t
1874,Taunton,E14000455,8,2,1,10,2901,t
1876,Telford,E14000457,2,2,3,10,2906,t
1877,Tewkesbury,E14000458,8,2,1,10,2907,t
1878,The Wrekin,E14000459,2,2,1,10,2916,t
1879,Thurrock,E14000460,7,2,3,10,2926,t
1881,Tonbridge and Malling,E14000462,1,2,1,10,2936,t
1882,Tooting,E14000463,5,2,3,10,2939,t
1883,Torbay,E14000464,8,2,3,10,2942,t
1884,Torfaen,W07000037,,6,1,12,2944,t
1886,Totnes,E14000466,8,2,1,10,2953,t
1887,Tottenham,E14000467,5,2,3,10,2957,t
1888,Truro and St. Austell,E14000468,8,2,1,10,2963,t
1889,Tunbridge Wells,E14000469,1,2,1,10,2965,t
1891,Twickenham,E14000470,5,2,3,10,2972,t
1892,Tyne Bridge,E14000471,9,2,3,10,2974,t
1893,Tynemouth,E14000472,9,2,3,10,2979,t
1894,Upminster,E14000473,5,2,3,10,2982,t
1301,Aberavon,W07000022,,6,1,12,5,t
1303,Aberdeen North,S19970002,,5,2,11,13,f
1307,Aldridge-Brownhills,E14000002,2,2,3,10,44,t
1313,Arundel and South Downs,E14000005,1,2,1,10,74,t
1319,Banbury,E14000010,1,2,1,10,106,t
1322,Barnsley Central,E14000012,6,2,3,10,128,t
1327,Basingstoke,E14000017,1,2,1,10,149,t
1332,Beaconsfield,E14000022,1,2,1,10,175,t
1336,Belfast North,N19970002,,4,3,9,197,f
1340,Bethnal Green and Bow,E14000026,5,2,3,10,224,t
1345,Birkenhead,E14000031,3,2,3,10,248,t
1349,"Birmingham, Hodge Hill",E14000035,2,2,3,10,276,t
1354,"Birmingham, Sparkbrook and Small Heath",E14000040,2,2,3,10,304,t
1360,Blackpool South,E14000046,3,2,3,10,336,t
1362,Blaydon,E14000047,9,2,3,10,343,t
1364,Bognor Regis and Littlehampton,E14000049,1,2,1,10,351,t
1370,Boston and Skegness,E14000055,4,2,1,10,373,t
1375,Bradford North,E14000060,6,2,3,10,402,t
1379,Brecon and Radnorshire,W07000013,,6,1,12,418,t
1384,Brentwood and Ongar,E14000068,7,2,1,10,435,t
1389,"Brighton, Pavilion",E14000072,1,2,3,10,461,t
1394,Bromley and Chislehurst,E14000077,5,2,3,10,485,t
1399,Burnley,E14000082,3,2,3,10,507,t
1403,Bury St. Edmunds,E14000086,7,2,1,10,524,t
1408,Camberwell and Peckham,E14000088,5,2,3,10,546,t
1413,Cardiff North,W07000030,,6,3,12,576,t
1417,Carmarthen East and Dinefwr,W07000015,,6,1,12,601,t
1422,Central Fife,S19970011,,5,1,11,618,f
1426,Chatham and Aylesford,E14000097,1,2,1,10,626,t
1431,Chichester,E14000102,1,2,1,10,663,t
1436,Cities of London and Westminster,E14000107,5,2,3,10,691,t
1442,Clwyd West,W07000004,,6,1,12,719,t
1445,Coatbridge and Chryston,S19970014,,5,2,11,727,f
1451,Corby,E14000116,4,2,1,10,752,t
1454,Coventry North West,E14000119,2,2,3,10,763,t
1460,Croydon North,E14000125,5,2,3,10,788,t
1464,Cunninghame South,S19970017,,5,1,11,808,f
1899,Vale of York,E14000475,6,2,1,10,2994,t
1900,Vauxhall,E14000476,5,2,3,10,2998,t
1901,Wakefield,E14000477,6,2,1,10,3003,t
1902,Wallasey,E14000478,3,2,3,10,3009,t
1904,Walsall South,E14000480,2,2,3,10,3023,t
1905,Walthamstow,E14000481,5,2,3,10,3026,t
1906,Wansbeck,E14000482,9,2,1,10,3035,t
1907,Wansdyke,E14000483,8,2,1,10,3037,t
1909,Warley,E14000485,2,2,3,10,3043,t
1910,Warrington North,E14000486,3,2,3,10,3052,t
1911,Warrington South,E14000487,3,2,3,10,3054,t
1913,Watford,E14000489,7,2,3,10,3065,t
1914,Waveney,E14000490,7,2,1,10,3067,t
1915,Wealden,E14000491,1,2,1,10,3069,t
1916,Weaver Vale,E14000492,3,2,1,10,3070,t
1918,Wells,E14000494,8,2,1,10,3082,t
1919,Welwyn Hatfield,E14000495,7,2,1,10,3085,t
1920,Wentworth,E14000496,6,2,1,10,3092,t
1922,West Bromwich East,E14000497,2,2,3,10,3101,t
1923,West Bromwich West,E14000498,2,2,3,10,3104,t
1924,West Chelmsford,E14000499,7,2,1,10,3105,t
1925,West Derbyshire,E14000500,4,2,1,10,3109,t
1926,West Dorset,E14000501,8,2,1,10,3114,t
1928,West Lancashire,E14000503,3,2,1,10,3129,t
1929,West Renfrewshire,S19970071,,5,1,11,3134,f
1930,West Suffolk,E14000504,7,2,1,10,3137,t
1932,West Worcestershire,E14000505,2,2,1,10,3139,t
1933,Westbury,E14000506,8,2,1,10,3144,t
1934,Western Isles,S19970072,,5,1,11,3150,f
1936,Weston-Super-Mare,E14000508,8,2,1,10,3166,t
1937,Wigan,E14000509,3,2,1,10,3178,t
1938,Wimbledon,E14000510,5,2,3,10,3187,t
1939,Winchester,E14000511,1,2,1,10,3192,t
1940,Windsor,E14000512,1,2,1,10,3195,t
1942,Wirral West,E14000514,3,2,1,10,3204,t
1943,Witney,E14000515,1,2,1,10,3206,t
1944,Woking,E14000516,1,2,1,10,3210,t
1946,Wolverhampton North East,E14000518,2,2,3,10,3219,t
1947,Wolverhampton South East,E14000519,2,2,3,10,3222,t
1948,Wolverhampton South West,E14000520,2,2,3,10,3226,t
1950,Worcester,E14000522,2,2,3,10,3247,t
1951,Workington,E14000523,3,2,1,10,3252,t
1952,Worsley,E14000524,3,2,1,10,3254,t
1953,Worthing West,E14000525,1,2,3,10,3259,t
1955,Wycombe,E14000526,1,2,1,10,3269,t
1956,Wyre Forest,E14000527,2,2,1,10,3272,t
1958,Yeovil,E14000529,8,2,1,10,3280,t
1959,Ynys Môn,W07000001,,6,1,12,3282,t
1469,Daventry,E14000130,4,2,1,10,833,t
1470,Delyn,W07000006,,6,1,12,838,t
1473,Derby South,E14000133,4,2,3,10,853,t
1478,Doncaster North,E14000137,6,2,1,10,878,t
1482,Dulwich and West Norwood,E14000142,5,2,3,10,904,t
1488,Dunfermline West,S19970023,,5,1,11,935,f
1493,East Antrim,N19970005,,4,1,9,959,f
1496,East Hampshire,E14000149,1,2,1,10,979,t
1501,East Worthing and Shoreham,E14000151,1,2,1,10,999,t
1507,Eddisbury,E14000156,3,2,1,10,1025,t
1510,Edinburgh North and Leith,S19970029,,5,2,11,1040,f
1515,Ellesmere Port and Neston,E14000158,3,2,1,10,1069,t
1521,Epsom and Ewell,E14000164,1,2,3,10,1092,t
1526,Falkirk East,S19970033,,5,1,11,1117,f
1530,Faversham and Mid Kent,E14000171,1,2,1,10,1138,t
1534,Folkestone and Hythe,E14000174,1,2,1,10,1157,t
1539,Galloway and Upper Nithsdale,S19970035,,5,1,11,1183,f
1544,Glasgow Baillieston,S19970037,,5,2,11,1211,f
1549,Glasgow Pollok,S19970042,,5,2,11,1250,f
1554,Gordon,S19970046,,5,1,11,1283,f
1557,Grantham and Stamford,E14000183,4,2,1,10,1298,t
1562,Greenwich and Woolwich,E14000187,5,2,3,10,1318,t
1568,Haltemprice and Howden,E14000193,6,2,1,10,1349,t
1572,Hammersmith and Fulham,E14000195,5,2,3,10,1359,t
1576,Harrogate and Knaresborough,E14000199,6,2,3,10,1381,t
1578,Harrow West,E14000201,5,2,3,10,1394,t
1583,Hayes and Harlington,E14000206,5,2,3,10,1414,t
1588,Henley,E14000211,1,2,1,10,1441,t
1592,Hexham,E14000215,9,2,1,10,1460,t
1595,Hitchin and Harpenden,E14000218,7,2,1,10,1474,t
1600,Houghton and Washington East,E14000223,9,2,3,10,1509,t
1606,Ilford South,E14000229,5,2,3,10,1548,t
1611,Islington South and Finsbury,E14000233,5,2,3,10,1587,t
1617,Kilmarnock and Loudoun,S19970051,,5,1,11,1623,f
1621,Kingston upon Hull West and Hessle,E14000241,6,2,3,10,1645,t
1627,Lancaster and Wyre,E14000245,3,2,1,10,1683,t
1632,Leeds West,E14000250,6,2,3,10,1714,t
1637,Leominster,E14000255,2,2,1,10,1744,t
1641,"Lewisham, Deptford",E14000257,5,2,3,10,1763,t
1646,"Liverpool, Garston",E14000263,3,2,3,10,1797,t
1652,Llanelli,W07000017,,6,1,12,1831,t
1656,Luton North,E14000271,7,2,3,10,1858,t
1660,Maidstone and The Weald,E14000275,1,2,1,10,1872,t
1665,"Manchester, Gorton",E14000280,3,2,3,10,1899,t
1670,Meriden,E14000284,2,2,1,10,1931,t
1673,Mid Dorset and North Poole,E14000286,8,2,1,10,1947,t
1679,Middlesbrough South and East Cleveland,E14000291,9,2,1,10,1967,t
1681,Milton Keynes South West,E14000292,1,2,3,10,1982,t
1682,Mitcham and Morden,E14000293,5,2,3,10,1986,t
1687,Morecambe and Lunesdale,E14000295,3,2,1,10,2011,t
1692,New Forest West,E14000298,1,2,1,10,2041,t
1696,Newcastle upon Tyne East and Wallsend,E14000302,9,2,3,10,2061,t
1703,North Antrim,N19970012,,4,1,9,2103,f
1707,North Down,N19970013,,4,1,9,2123,f
1711,North East Derbyshire,E14000312,4,2,1,10,2132,t
1716,North Essex,E14000316,7,2,1,10,2140,t
1721,North Tayside,S19970059,,5,1,11,2158,f
1724,North Warwickshire,E14000323,2,2,1,10,2163,t
1729,North West Norfolk,E14000328,7,2,1,10,2175,t
1735,Norwich South,E14000334,7,2,3,10,2203,t
1740,Ochil,S19970060,,5,1,11,2233,f
1743,Oldham East and Saddleworth,E14000340,3,2,1,10,2247,t
1748,Oxford West and Abingdon,E14000344,1,2,1,10,2276,t
1754,Peterborough,E14000347,7,2,3,10,2321,t
1759,Poole,E14000351,8,2,3,10,2355,t
1762,Portsmouth South,E14000354,1,2,3,10,2367,t
1767,Rayleigh,E14000358,7,2,1,10,2391,t
1777,Richmond Park,E14000367,5,2,3,10,2431,t
1782,"Ross, Skye and Inverness West",S19970065,,5,1,11,2455,f
1786,Roxburgh and Berwickshire,S19970066,,5,1,11,2476,f
1788,Ruislip-Northwood,E14000376,5,2,3,10,2491,t
1791,Rutland and Melton,E14000379,4,2,1,10,2503,t
1796,Scarborough and Whitby,E14000388,6,2,1,10,2535,t
1801,Sheffield Central,E14000395,6,2,3,10,2551,t
1805,"Sheffield, Heeley",E14000397,6,2,3,10,2571,t
1810,Sittingbourne and Sheppey,E14000402,1,2,1,10,2599,t
1815,Somerton and Frome,E14000407,8,2,1,10,2616,t
1820,South Down,N19970015,,4,1,9,2642,f
1823,South Holland and The Deepings,E14000413,4,2,1,10,2658,t
1830,South Thanet,E14000420,1,2,1,10,2679,t
1834,South West Norfolk,E14000424,7,2,1,10,2691,t
1840,Spelthorne,E14000430,1,2,3,10,2737,t
1844,St. Ives,E14000385,8,2,1,10,2756,t
1848,Stevenage,E14000434,7,2,1,10,2781,t
1852,Stockton South,E14000437,9,2,3,10,2801,t
1857,Stourbridge,E14000442,2,2,3,10,2824,t
1862,Stretford and Urmston,E14000445,3,2,3,10,2843,t
1866,Sunderland South,E14000449,9,2,3,10,2863,t
1871,Swansea West,W07000019,,6,3,12,2888,t
1875,Teignbridge,E14000456,8,2,1,10,2905,t
1880,Tiverton and Honiton,E14000461,8,2,1,10,2931,t
1885,Torridge and West Devon,E14000465,8,2,1,10,2948,t
1890,"Tweeddale, Ettrick and Lauderdale",S19970069,,5,1,11,2967,f
1897,Vale of Clwyd,W07000005,,6,1,12,2991,t
1898,Vale of Glamorgan,W07000028,,6,1,12,2993,t
1903,Walsall North,E14000479,2,2,3,10,3019,t
1908,Wantage,E14000484,1,2,1,10,3042,t
1912,Warwick and Leamington,E14000488,2,2,1,10,3059,t
1917,Wellingborough,E14000493,4,2,1,10,3077,t
1921,West Aberdeenshire and Kincardine,S19970070,,5,1,11,3095,f
1927,West Ham,E14000502,5,2,3,10,3124,t
1931,West Tyrone,N19970018,,4,1,9,3138,f
1935,Westmorland and Lonsdale,E14000507,3,2,1,10,3161,t
1941,Wirral South,E14000513,3,2,1,10,3202,t
1945,Wokingham,E14000517,1,2,1,10,3214,t
1949,Woodspring,E14000521,8,2,1,10,3235,t
1954,Wrexham,W07000008,,6,1,12,3264,t
1957,Wythenshawe and Sale East,E14000528,3,2,3,10,3273,t
1772,Regent's Park and Kensington North,E14000363,5,2,3,10,2406,t
19,"Ayr, Carrick and Cumnock",S14000006,,5,1,8,99,t
105,"Caithness, Sutherland and Easter Ross",S14000009,,5,1,8,543,t
121,Central Ayrshire,S14000010,,5,1,8,614,t
181,"Dumfriesshire, Clydesdale and Tweeddale",S14000014,,5,1,8,914,t
195,"East Kilbride, Strathaven and Lesmahagow",S14000019,,5,1,8,985,t
209,Edinburgh West,S14000026,,5,2,8,1054,t
240,Glasgow North,S14000031,,5,2,8,1205,t
245,Glenrothes,S14000036,,5,1,8,1274,t
315,Kirkcaldy and Cowdenbeath,S14000041,,5,1,8,1661,t
380,Na h-Eileanan an Iar,S14000027,,5,1,8,2025,t
405,North East Fife,S14000049,,5,1,8,2135,t
441,Paisley and Renfrewshire South,S14000053,,5,1,8,2286,t
445,Perth and North Perthshire,S14000054,,5,1,8,2316,t
616,West Dunbartonshire,S14000059,,5,1,8,3117,t
7,Aldridge-Brownhills,E14000531,2,2,3,6,3290,t
14,Arundel and South Downs,E14000534,1,2,1,6,3295,t
17,Ashton-under-Lyne,E14000537,3,2,3,6,3298,t
22,Barking,E14000540,5,2,3,6,3301,t
26,Basildon and Billericay,E14000544,7,2,3,6,3305,t
32,Beaconsfield,E14000550,1,2,1,6,3311,t
37,Belfast South,N06000003,,4,3,5,3316,t
42,Bethnal Green and Bow,E14000555,5,2,3,6,3320,t
48,"Birmingham, Erdington",E14000561,2,2,3,6,3326,t
53,"Birmingham, Perry Barr",E14000566,2,2,3,6,3331,t
54,"Birmingham, Selly Oak",E14000567,2,2,3,6,3332,t
59,Blackpool North and Cleveleys,E14000572,3,2,3,6,3337,t
66,Bolton North East,E14000578,3,2,3,6,3344,t
70,Boston and Skegness,E14000582,4,2,1,6,3348,t
76,Bradford South,E14000588,6,2,3,6,3354,t
80,Brent Central,E14000591,5,2,3,6,3358,t
85,Bridgwater and West Somerset,E14000595,8,2,1,6,3363,t
92,Bristol West,E14000602,8,2,3,6,3370,t
98,Buckingham,E14000608,1,2,1,6,3376,t
103,Bury St Edmunds,E14000613,7,2,1,6,3381,t
108,Camborne and Redruth,E14000616,8,2,1,6,3385,t
114,Cardiff South and Penarth,W07000080,,6,3,7,3391,t
117,Carmarthen East and Dinefwr,W07000067,,6,1,7,3394,t
120,Castle Point,E14000622,7,2,3,6,3397,t
123,Central Suffolk and North Ipswich,E14000624,7,2,1,6,3399,t
128,Chelmsford,E14000628,7,2,3,6,3404,t
135,Chippenham,E14000635,8,2,1,6,3411,t
139,Cities of London and Westminster,E14000639,5,2,3,6,3415,t
140,City of Chester,E14000640,3,2,1,6,3416,t
148,Colne Valley,E14000645,6,2,1,6,3423,t
153,Coventry North West,E14000650,2,2,3,6,3428,t
161,Cynon Valley,W07000070,,6,1,7,3435,t
165,Daventry,E14000660,4,2,1,6,3439,t
170,Derbyshire Dales,E14000664,4,2,1,6,3444,t
175,Doncaster North,E14000669,6,2,1,6,3449,t
178,Dudley South,E14000672,2,2,3,6,3452,t
185,Dwyfor Meirionnydd,W07000061,,6,1,7,3454,t
190,East Antrim,N06000005,,4,1,5,3459,t
199,East Surrey,E14000681,1,2,1,6,3464,t
386,Newcastle upon Tyne Central,E14000831,9,2,3,6,3625,t
388,Newcastle upon Tyne North,E14000833,9,2,3,6,3627,t
548,Stoke-on-Trent Central,E14000972,2,2,3,6,3777,t
549,Stoke-on-Trent North,E14000973,2,2,3,6,3778,t
550,Stoke-on-Trent South,E14000974,2,2,3,6,3779,t
590,Vale of Glamorgan,W07000078,,6,1,7,3819,t
210,Edmonton,E14000687,5,2,3,6,3470,t
215,"Enfield, Southgate",E14000692,5,2,3,6,3475,t
219,Erith and Thamesmead,E14000696,5,2,3,6,3479,t
225,Feltham and Heston,E14000701,5,2,3,6,3484,t
227,Filton and Bradley Stoke,E14000702,8,2,1,6,3486,t
234,Garston and Halewood,E14000708,3,2,3,6,3493,t
250,Grantham and Stamford,E14000714,4,2,1,6,3500,t
256,Hackney North and Stoke Newington,E14000720,5,2,3,6,3506,t
260,Haltemprice and Howden,E14000724,6,2,1,6,3510,t
266,Harrogate and Knaresborough,E14000730,6,2,1,6,3516,t
272,Havant,E14000736,1,2,3,6,3522,t
273,Hayes and Harlington,E14000737,5,2,3,6,3523,t
278,Henley,E14000742,1,2,1,6,3528,t
282,Hexham,E14000746,9,2,1,6,3532,t
285,Hitchin and Harpenden,E14000749,7,2,1,6,3535,t
292,Huddersfield,E14000756,6,2,3,6,3542,t
296,Ilford South,E14000760,5,2,3,6,3546,t
300,Isle of Wight,E14000762,1,2,1,6,3548,t
304,Jarrow,E14000765,9,2,3,6,3552,t
310,Kingston and Surbiton,E14000770,5,2,3,6,3557,t
317,Lagan Valley,N06000009,,4,1,5,3563,t
322,Leeds North East,E14000779,6,2,3,6,3567,t
327,Leicester West,E14000784,4,2,3,6,3572,t
332,"Lewisham, Deptford",E14000789,5,2,3,6,3577,t
337,"Liverpool, Riverside",E14000793,3,2,3,6,3581,t
339,"Liverpool, Wavertree",E14000795,3,2,3,6,3583,t
346,Luton North,E14000800,7,2,3,6,3589,t
351,Makerfield,E14000805,3,2,1,6,3594,t
357,Meon Valley,E14000811,1,2,1,6,3600,t
364,Mid Sussex,E14000817,1,2,1,6,3607,t
370,Milton Keynes North,E14000821,1,2,1,6,3612,t
377,Morecambe and Lunesdale,E14000825,3,2,1,6,3618,t
385,Newbury,E14000830,1,2,1,6,3624,t
393,Newton Abbot,E14000835,8,2,1,6,3632,t
398,North Devon,E14000838,8,2,1,6,3636,t
403,North East Cambridgeshire,E14000842,7,2,1,6,3641,t
406,North East Hampshire,E14000844,1,2,1,6,3643,t
411,North Shropshire,E14000849,2,2,1,6,3648,t
415,North Tyneside,E14000853,9,2,3,6,3652,t
421,North West Norfolk,E14000859,7,2,1,6,3658,t
426,Norwich South,E14000864,7,2,3,6,3663,t
433,Old Bexley and Sidcup,E14000869,5,2,3,6,3669,t
442,Pendle,E14000875,3,2,3,6,3675,t
447,"Plymouth, Moor View",E14000879,8,2,3,6,3679,t
448,"Plymouth, Sutton and Devonport",E14000880,8,2,3,6,3680,t
453,Portsmouth South,E14000884,1,2,3,6,3685,t
458,Rayleigh and Wickford,E14000888,7,2,1,6,3690,t
463,Reigate,E14000893,1,2,3,6,3695,t
468,Rochdale,E14000897,3,2,1,6,3700,t
474,Rossendale and Darwen,E14000902,3,2,3,6,3705,t
477,Rugby,E14000905,2,2,1,6,3708,t
482,Rutland and Melton,E14000909,4,2,1,6,3712,t
486,Scarborough and Whitby,E14000913,6,2,1,6,3716,t
492,Sheffield Central,E14000919,6,2,3,6,3722,t
498,Shipley,E14000925,6,2,1,6,3728,t
501,Skipton and Ripon,E14000928,6,2,1,6,3731,t
506,South Antrim,N06000014,,4,1,5,3736,t
510,South Dorset,E14000936,8,2,1,6,3740,t
514,South Holland and The Deepings,E14000939,4,2,1,6,3744,t
521,South Suffolk,E14000946,7,2,1,6,3751,t
527,South West Norfolk,E14000952,7,2,1,6,3757,t
532,Southend West,E14000957,7,2,3,6,3762,t
537,St Helens North,E14000962,3,2,3,6,3767,t
542,Stalybridge and Hyde,E14000967,3,2,1,6,3772,t
551,Stone,E14000975,2,2,1,6,3780,t
556,Stretford and Urmston,E14000979,3,2,3,6,3785,t
558,Suffolk Coastal,E14000981,7,2,1,6,3787,t
564,Swansea West,W07000047,,6,3,7,3793,t
568,Telford,E14000989,2,2,3,6,3797,t
573,Thornbury and Yate,E14000994,8,2,1,6,3802,t
577,Tooting,E14000998,5,2,3,6,3806,t
583,Truro and Falmouth,E14001003,8,2,1,6,3812,t
588,Uxbridge and South Ruislip,E14001007,5,2,3,6,3817,t
596,Walthamstow,E14001013,5,2,1,6,3825,t
600,Warrington North,E14001017,3,2,3,6,3829,t
603,Washington and Sunderland West,E14001020,9,2,3,6,3832,t
606,Wealden,E14001023,1,2,1,6,3835,t
610,Welwyn Hatfield,E14001027,7,2,1,6,3839,t
617,West Ham,E14001032,5,2,3,6,3844,t
621,West Worcestershire,E14001035,2,2,1,6,3848,t
626,Wimbledon,E14001040,5,2,3,6,3853,t
631,Witham,E14001045,7,2,1,6,3858,t
635,Wolverhampton North East,E14001049,2,2,3,6,3862,t
641,Worthing West,E14001055,1,2,3,6,3868,t
646,Wythenshawe and Sale East,E14001059,3,2,3,6,3873,t
661,Amber Valley,E14001066,4,2,1,1,3881,t
669,Aylesbury,E14001071,1,2,1,1,3886,t
675,Barnsley South,E14001075,6,2,1,1,3890,t
680,Bath,E14001080,8,2,1,1,3895,t
684,Beckenham and Penge,E14001083,5,2,3,1,3898,t
694,Bexhill and Battle,E14001088,1,2,1,1,3903,t
699,Birmingham Erdington,E14001093,2,2,3,1,3908,t
704,Birmingham Perry Barr,E14001098,2,2,3,1,3913,t
709,Blackley and Middleton South,E14001103,3,2,3,1,3918,t
715,Bognor Regis and Littlehampton,E14001108,1,2,3,1,3923,t
721,Boston and Skegness,E14001114,4,2,1,1,3929,t
727,Bradford West,E14001120,6,2,3,1,3935,t
732,Brentford and Isleworth,E14001124,5,2,3,1,3939,t
738,Brighton Kemptown and Peacehaven,E14001129,1,2,3,1,3944,t
742,Bristol North East,E14001133,8,2,3,1,3948,t
743,Bristol North West,E14001134,8,2,3,1,3949,t
748,Broxbourne,E14001139,7,2,1,1,3954,t
752,Burton and Uttoxeter,E14001143,2,2,1,1,3958,t
760,Camborne and Redruth,E14001148,8,2,1,1,3963,t
769,Carshalton and Wallington,E14001153,5,2,3,1,3968,t
777,Chelmsford,E14001159,7,2,3,1,3974,t
781,Chester North and Neston,E14001163,3,2,1,1,3978,t
785,Chingford and Woodford Green,E14001167,5,2,3,1,3982,t
792,Clacton,E14001174,7,2,1,1,3989,t
799,Congleton,E14001178,3,2,1,1,3993,t
803,Coventry South,E14001182,2,2,3,1,3997,t
809,Croydon South,E14001187,5,2,3,1,4002,t
815,Daventry,E14001192,4,2,1,1,4007,t
818,Derbyshire Dales,E14001195,4,2,1,1,4010,t
822,Doncaster East and the Isle of Axholme,E14001199,6,2,1,1,4014,t
828,Dulwich and West Norwood,E14001205,5,2,3,1,4020,t
838,Earley and Woodley,E14001210,1,2,3,1,4025,t
847,East Surrey,E14001215,1,2,1,1,4030,t
848,East Thanet,E14001216,1,2,3,1,4031,t
858,Edmonton and Winchmore Hill,E14001221,5,2,3,1,4036,t
863,Epping Forest,E14001226,7,2,1,1,4041,t
867,Esher and Walton,E14001230,1,2,3,1,4045,t
872,Farnham and Bordon,E14001234,1,2,1,1,4049,t
878,Folkestone and Hythe,E14001239,1,2,1,1,4054,t
884,Gateshead Central and Whickham,E14001244,9,2,3,1,4059,t
897,Goole and Pocklington,E14001250,6,2,1,1,4065,t
904,Great Grimsby and Cleethorpes,E14001255,6,2,3,1,4070,t
909,Hackney South and Shoreditch,E14001260,5,2,3,1,4075,t
916,"Harborough, Oadby and Wigston",E14001266,4,2,1,1,4081,t
921,Harrow West,E14001271,5,2,3,1,4086,t
926,Hayes and Harlington,E14001276,5,2,3,1,4091,t
931,Hereford and South Herefordshire,E14001281,2,2,1,1,4096,t
936,Heywood and Middleton North,E14001286,3,2,1,1,4101,t
941,Honiton and Sidmouth,E14001291,8,2,1,1,4106,t
946,Hove and Portslade,E14001296,1,2,3,1,4111,t
950,Ilford North,E14001300,5,2,3,1,4115,t
955,Isle of Wight East,E14001303,1,2,1,1,4118,t
959,Jarrow and Gateshead East,E14001307,9,2,3,1,4122,t
965,Kingston and Surbiton,E14001312,5,2,3,1,4127,t
972,Lancaster and Wyre,E14001318,3,2,1,1,4133,t
977,Leeds South,E14001323,6,2,3,1,4138,t
981,Leicester South,E14001327,4,2,3,1,4142,t
986,Lewisham North,E14001332,5,2,3,1,4147,t
991,Liverpool Garston,E14001337,3,2,3,1,4152,t
995,Liverpool West Derby,E14001341,3,2,3,1,4156,t
1003,Luton South and South Bedfordshire,E14001346,7,2,1,1,4161,t
1009,Manchester Central,E14001352,3,2,3,1,4167,t
1014,Melton and Syston,E14001357,4,2,1,1,4172,t
1021,Mid Derbyshire,E14001362,4,2,1,1,4177,t
1026,Mid Sussex,E14001366,1,2,1,1,4181,t
1032,Milton Keynes North,E14001370,1,2,1,1,4185,t
1044,Newbury,E14001376,1,2,1,1,4191,t
1048,Newcastle-under-Lyme,E14001380,2,2,1,1,4195,t
1053,Newton Aycliffe and Spennymoor,E14001382,9,2,1,1,4197,t
1059,North Cotswolds,E14001386,8,2,1,1,4201,t
1064,North East Cambridgeshire,E14001390,7,2,1,1,4205,t
1070,North Herefordshire,E14001395,2,2,1,1,4210,t
1075,North Warwickshire and Bedworth,E14001400,2,2,1,1,4215,t
1080,North West Norfolk,E14001405,7,2,1,1,4220,t
1086,Nottingham North and Kimberley,E14001411,4,2,3,1,4226,t
1090,Oldham East and Saddleworth,E14001415,3,2,1,1,4230,t
1100,Pendle and Clitheroe,E14001422,3,2,1,1,4237,t
1105,Plymouth Moor View,E14001426,8,2,3,1,4241,t
1112,Portsmouth South,E14001432,1,2,3,1,4247,t
1115,Queen's Park and Maida Vale,E14001435,5,2,3,1,4250,t
1122,Reigate,E14001442,1,2,1,1,4257,t
1127,Rochdale,E14001446,3,2,1,1,4261,t
1130,Romsey and Southampton North,E14001449,1,2,1,1,4264,t
1136,Runcorn and Helsby,E14001455,3,2,1,1,4270,t
1143,Scarborough and Whitby,E14001461,6,2,1,1,4276,t
1148,Sheffield Brightside and Hillsborough,E14001466,6,2,3,1,4281,t
1153,Sherwood Forest,E14001471,4,2,1,1,4286,t
1156,Sittingbourne and Sheppey,E14001474,1,2,1,1,4289,t
1160,Smethwick,E14001478,2,2,3,1,4293,t
1165,South Cotswolds,E14001482,8,2,1,1,4297,t
1170,South East Cornwall,E14001486,8,2,1,1,4301,t
1176,South Shields,E14001492,9,2,3,1,4307,t
1180,South West Hertfordshire,E14001496,7,2,1,1,4311,t
1185,Southend East and Rochford,E14001501,7,2,1,1,4316,t
1191,St Albans,E14001507,7,2,1,1,4322,t
1194,St Helens South and Whiston,E14001510,3,2,3,1,4325,t
1202,Stockport,E14001517,3,2,3,1,4332,t
1205,Stoke-on-Trent Central,E14001520,2,2,3,1,4335,t
1211,Stratford and Bow,E14001525,5,2,3,1,4340,t
1216,Suffolk Coastal,E14001530,7,2,1,1,4345,t
1221,Sutton Coldfield,E14001535,2,2,3,1,4350,t
1227,Taunton and Wellington,E14001540,8,2,1,1,4355,t
1231,Thirsk and Malton,E14001544,6,2,1,1,4359,t
1235,Tiverton and Minehead,E14001548,8,2,1,1,4363,t
1242,Truro and Falmouth,E14001554,8,2,1,1,4369,t
1247,Uxbridge and South Ruislip,E14001558,5,2,3,1,4373,t
1254,Warrington North,E14001564,3,2,1,1,4379,t
1259,Waveney Valley,E14001569,7,2,1,1,4384,t
1263,Welwyn Hatfield,E14001573,7,2,1,1,4388,t
1270,West Suffolk,E14001578,7,2,1,1,4393,t
1275,Wetherby and Easingwold,E14001582,6,2,1,1,4397,t
1280,Winchester,E14001587,1,2,1,1,4402,t
1285,Woking,E14001592,1,2,3,1,4407,t
1289,Wolverhampton West,E14001596,2,2,3,1,4411,t
1295,Wyre Forest,E14001601,2,2,1,1,4416,t
688,Belfast South and Mid Down,N05000003,,4,3,4,4423,t
845,East Londonderry,N05000006,,4,1,4,4426,t
875,Fermanagh and South Tyrone,N05000007,,4,1,4,4427,t
1271,West Tyrone,N05000018,,4,1,4,4438,t
1039,Na h-Eileanan an Iar,S14000027,,5,1,3,4443,t
964,Kilmarnock and Loudoun,S14000110,,5,1,3,4444,t
1056,North Ayrshire and Arran,S14000048,,5,1,3,4446,t
654,Aberdeenshire North and Moray East,S14000062,,5,1,3,4451,t
664,"Argyll, Bute and South Lochaber",S14000067,,5,1,3,4456,t
804,Cowdenbeath and Kirkcaldy,S14000071,,5,1,3,4460,t
832,Dunfermline and Dollar,S14000076,,5,1,3,4465,t
857,Edinburgh West,S14000082,,5,2,3,4471,t
889,Glasgow North East,S14000086,,5,2,3,4475,t
898,Gordon and Buchan,S14000091,,5,1,3,4480,t
998,Lothian East,S14000096,,5,1,3,4485,t
1038,"Motherwell, Wishaw and Carluke",S14000099,,5,1,3,4488,t
1103,Perth and Kinross-shire,S14000103,,5,1,3,4492,t
1201,Stirling and Strathallan,S14000105,,5,1,3,4494,t
712,Blaenau Gwent and Rhymney,W07000084,,6,1,2,4499,t
766,Cardiff South and Penarth,W07000091,,6,3,2,4506,t
834,Dwyfor Meirionnydd,W07000096,,6,1,2,4511,t
1050,Newport West and Islwyn,W07000105,,6,1,2,4520,t
